holder,dataset_id,METRICA,PRINCIPIO,punteggio,PROVINCIA,CATEGORIA
Comune di Bitonto,034befbe-e0d3-4738-a3dd-bb05c78cd77d,F1,F,0.0
Comune di Bitonto,034befbe-e0d3-4738-a3dd-bb05c78cd77d,F2,F,48.58284950256348
Comune di Bitonto,034befbe-e0d3-4738-a3dd-bb05c78cd77d,F3,F,100.0
Comune di Bitonto,034befbe-e0d3-4738-a3dd-bb05c78cd77d,F4,F,0.0
Comune di Bitonto,034befbe-e0d3-4738-a3dd-bb05c78cd77d,G_F,F,78.67645
Comune di Bitonto,034befbe-e0d3-4738-a3dd-bb05c78cd77d,A1,A,100.0
Comune di Bitonto,034befbe-e0d3-4738-a3dd-bb05c78cd77d,A1_1,A,100.0
Comune di Bitonto,034befbe-e0d3-4738-a3dd-bb05c78cd77d,A1_2,A,100.0
Comune di Bitonto,034befbe-e0d3-4738-a3dd-bb05c78cd77d,A2,A,100.0
Comune di Bitonto,034befbe-e0d3-4738-a3dd-bb05c78cd77d,G_A,A,100.0
Comune di Bitonto,034befbe-e0d3-4738-a3dd-bb05c78cd77d,I1,I,93.75
Comune di Bitonto,034befbe-e0d3-4738-a3dd-bb05c78cd77d,I2,I,33.33331603088379
Comune di Bitonto,034befbe-e0d3-4738-a3dd-bb05c78cd77d,I3,I,30.0
Comune di Bitonto,034befbe-e0d3-4738-a3dd-bb05c78cd77d,G_I,I,50.0
Comune di Bitonto,034befbe-e0d3-4738-a3dd-bb05c78cd77d,R1_1,R,25.0
Comune di Bitonto,034befbe-e0d3-4738-a3dd-bb05c78cd77d,R1_2,R,0.0
Comune di Bitonto,034befbe-e0d3-4738-a3dd-bb05c78cd77d,R1_3,R,0.0
Comune di Bitonto,034befbe-e0d3-4738-a3dd-bb05c78cd77d,G_R,R,100.0
Comune di Bitonto,0f2dc541-e66f-4a75-b0d2-fe4d39b10c76,F1,F,0.0
Comune di Bitonto,0f2dc541-e66f-4a75-b0d2-fe4d39b10c76,F2,F,48.58284950256348
Comune di Bitonto,0f2dc541-e66f-4a75-b0d2-fe4d39b10c76,F3,F,100.0
Comune di Bitonto,0f2dc541-e66f-4a75-b0d2-fe4d39b10c76,F4,F,0.0
Comune di Bitonto,0f2dc541-e66f-4a75-b0d2-fe4d39b10c76,G_F,F,78.67645
Comune di Bitonto,0f2dc541-e66f-4a75-b0d2-fe4d39b10c76,A1,A,100.0
Comune di Bitonto,0f2dc541-e66f-4a75-b0d2-fe4d39b10c76,A1_1,A,100.0
Comune di Bitonto,0f2dc541-e66f-4a75-b0d2-fe4d39b10c76,A1_2,A,100.0
Comune di Bitonto,0f2dc541-e66f-4a75-b0d2-fe4d39b10c76,A2,A,100.0
Comune di Bitonto,0f2dc541-e66f-4a75-b0d2-fe4d39b10c76,G_A,A,100.0
Comune di Bitonto,0f2dc541-e66f-4a75-b0d2-fe4d39b10c76,I1,I,93.75
Comune di Bitonto,0f2dc541-e66f-4a75-b0d2-fe4d39b10c76,I2,I,33.33331603088379
Comune di Bitonto,0f2dc541-e66f-4a75-b0d2-fe4d39b10c76,I3,I,30.0
Comune di Bitonto,0f2dc541-e66f-4a75-b0d2-fe4d39b10c76,G_I,I,50.0
Comune di Bitonto,0f2dc541-e66f-4a75-b0d2-fe4d39b10c76,R1_1,R,25.0
Comune di Bitonto,0f2dc541-e66f-4a75-b0d2-fe4d39b10c76,R1_2,R,0.0
Comune di Bitonto,0f2dc541-e66f-4a75-b0d2-fe4d39b10c76,R1_3,R,0.0
Comune di Bitonto,0f2dc541-e66f-4a75-b0d2-fe4d39b10c76,G_R,R,100.0
Comune di Bitonto,14ceda84-102c-43f4-bac3-dd73ed076a8f,F1,F,0.0
Comune di Bitonto,14ceda84-102c-43f4-bac3-dd73ed076a8f,F2,F,48.58284950256348
Comune di Bitonto,14ceda84-102c-43f4-bac3-dd73ed076a8f,F3,F,100.0
Comune di Bitonto,14ceda84-102c-43f4-bac3-dd73ed076a8f,F4,F,0.0
Comune di Bitonto,14ceda84-102c-43f4-bac3-dd73ed076a8f,G_F,F,78.67645
Comune di Bitonto,14ceda84-102c-43f4-bac3-dd73ed076a8f,A1,A,100.0
Comune di Bitonto,14ceda84-102c-43f4-bac3-dd73ed076a8f,A1_1,A,100.0
Comune di Bitonto,14ceda84-102c-43f4-bac3-dd73ed076a8f,A1_2,A,100.0
Comune di Bitonto,14ceda84-102c-43f4-bac3-dd73ed076a8f,A2,A,100.0
Comune di Bitonto,14ceda84-102c-43f4-bac3-dd73ed076a8f,G_A,A,100.0
Comune di Bitonto,14ceda84-102c-43f4-bac3-dd73ed076a8f,I1,I,93.75
Comune di Bitonto,14ceda84-102c-43f4-bac3-dd73ed076a8f,I2,I,33.33331603088379
Comune di Bitonto,14ceda84-102c-43f4-bac3-dd73ed076a8f,I3,I,30.0
Comune di Bitonto,14ceda84-102c-43f4-bac3-dd73ed076a8f,G_I,I,50.0
Comune di Bitonto,14ceda84-102c-43f4-bac3-dd73ed076a8f,R1_1,R,25.0
Comune di Bitonto,14ceda84-102c-43f4-bac3-dd73ed076a8f,R1_2,R,0.0
Comune di Bitonto,14ceda84-102c-43f4-bac3-dd73ed076a8f,R1_3,R,0.0
Comune di Bitonto,14ceda84-102c-43f4-bac3-dd73ed076a8f,G_R,R,100.0
Comune di Bitonto,218d9047-2673-43fd-a2f4-4092c94494e9,F1,F,0.0
Comune di Bitonto,218d9047-2673-43fd-a2f4-4092c94494e9,F2,F,48.58284950256348
Comune di Bitonto,218d9047-2673-43fd-a2f4-4092c94494e9,F3,F,100.0
Comune di Bitonto,218d9047-2673-43fd-a2f4-4092c94494e9,F4,F,0.0
Comune di Bitonto,218d9047-2673-43fd-a2f4-4092c94494e9,G_F,F,78.67645
Comune di Bitonto,218d9047-2673-43fd-a2f4-4092c94494e9,A1,A,100.0
Comune di Bitonto,218d9047-2673-43fd-a2f4-4092c94494e9,A1_1,A,100.0
Comune di Bitonto,218d9047-2673-43fd-a2f4-4092c94494e9,A1_2,A,100.0
Comune di Bitonto,218d9047-2673-43fd-a2f4-4092c94494e9,A2,A,100.0
Comune di Bitonto,218d9047-2673-43fd-a2f4-4092c94494e9,G_A,A,100.0
Comune di Bitonto,218d9047-2673-43fd-a2f4-4092c94494e9,I1,I,93.75
Comune di Bitonto,218d9047-2673-43fd-a2f4-4092c94494e9,I2,I,33.33331603088379
Comune di Bitonto,218d9047-2673-43fd-a2f4-4092c94494e9,I3,I,30.0
Comune di Bitonto,218d9047-2673-43fd-a2f4-4092c94494e9,G_I,I,50.0
Comune di Bitonto,218d9047-2673-43fd-a2f4-4092c94494e9,R1_1,R,25.0
Comune di Bitonto,218d9047-2673-43fd-a2f4-4092c94494e9,R1_2,R,0.0
Comune di Bitonto,218d9047-2673-43fd-a2f4-4092c94494e9,R1_3,R,0.0
Comune di Bitonto,218d9047-2673-43fd-a2f4-4092c94494e9,G_R,R,100.0
Comune di Bitonto,366b403d-7939-468b-bd3e-bf0f98f9235d,F1,F,0.0
Comune di Bitonto,366b403d-7939-468b-bd3e-bf0f98f9235d,F2,F,48.58284950256348
Comune di Bitonto,366b403d-7939-468b-bd3e-bf0f98f9235d,F3,F,100.0
Comune di Bitonto,366b403d-7939-468b-bd3e-bf0f98f9235d,F4,F,0.0
Comune di Bitonto,366b403d-7939-468b-bd3e-bf0f98f9235d,G_F,F,78.67645
Comune di Bitonto,366b403d-7939-468b-bd3e-bf0f98f9235d,A1,A,100.0
Comune di Bitonto,366b403d-7939-468b-bd3e-bf0f98f9235d,A1_1,A,100.0
Comune di Bitonto,366b403d-7939-468b-bd3e-bf0f98f9235d,A1_2,A,100.0
Comune di Bitonto,366b403d-7939-468b-bd3e-bf0f98f9235d,A2,A,100.0
Comune di Bitonto,366b403d-7939-468b-bd3e-bf0f98f9235d,G_A,A,100.0
Comune di Bitonto,366b403d-7939-468b-bd3e-bf0f98f9235d,I1,I,93.75
Comune di Bitonto,366b403d-7939-468b-bd3e-bf0f98f9235d,I2,I,33.33331603088379
Comune di Bitonto,366b403d-7939-468b-bd3e-bf0f98f9235d,I3,I,30.0
Comune di Bitonto,366b403d-7939-468b-bd3e-bf0f98f9235d,G_I,I,50.0
Comune di Bitonto,366b403d-7939-468b-bd3e-bf0f98f9235d,R1_1,R,25.0
Comune di Bitonto,366b403d-7939-468b-bd3e-bf0f98f9235d,R1_2,R,0.0
Comune di Bitonto,366b403d-7939-468b-bd3e-bf0f98f9235d,R1_3,R,0.0
Comune di Bitonto,366b403d-7939-468b-bd3e-bf0f98f9235d,G_R,R,100.0
Comune di Bitonto,5386d3ca-3a89-473a-83b4-387e09644779,F1,F,0.0
Comune di Bitonto,5386d3ca-3a89-473a-83b4-387e09644779,F2,F,48.58284950256348
Comune di Bitonto,5386d3ca-3a89-473a-83b4-387e09644779,F3,F,100.0
Comune di Bitonto,5386d3ca-3a89-473a-83b4-387e09644779,F4,F,0.0
Comune di Bitonto,5386d3ca-3a89-473a-83b4-387e09644779,G_F,F,78.67645
Comune di Bitonto,5386d3ca-3a89-473a-83b4-387e09644779,A1,A,100.0
Comune di Bitonto,5386d3ca-3a89-473a-83b4-387e09644779,A1_1,A,100.0
Comune di Bitonto,5386d3ca-3a89-473a-83b4-387e09644779,A1_2,A,100.0
Comune di Bitonto,5386d3ca-3a89-473a-83b4-387e09644779,A2,A,100.0
Comune di Bitonto,5386d3ca-3a89-473a-83b4-387e09644779,G_A,A,100.0
Comune di Bitonto,5386d3ca-3a89-473a-83b4-387e09644779,I1,I,93.75
Comune di Bitonto,5386d3ca-3a89-473a-83b4-387e09644779,I2,I,33.33331603088379
Comune di Bitonto,5386d3ca-3a89-473a-83b4-387e09644779,I3,I,30.0
Comune di Bitonto,5386d3ca-3a89-473a-83b4-387e09644779,G_I,I,50.0
Comune di Bitonto,5386d3ca-3a89-473a-83b4-387e09644779,R1_1,R,25.0
Comune di Bitonto,5386d3ca-3a89-473a-83b4-387e09644779,R1_2,R,0.0
Comune di Bitonto,5386d3ca-3a89-473a-83b4-387e09644779,R1_3,R,0.0
Comune di Bitonto,5386d3ca-3a89-473a-83b4-387e09644779,G_R,R,100.0
Comune di Bitonto,5ccd9221-bb48-47f7-b7b5-d30bde89a2dc,F1,F,0.0
Comune di Bitonto,5ccd9221-bb48-47f7-b7b5-d30bde89a2dc,F2,F,48.58284950256348
Comune di Bitonto,5ccd9221-bb48-47f7-b7b5-d30bde89a2dc,F3,F,100.0
Comune di Bitonto,5ccd9221-bb48-47f7-b7b5-d30bde89a2dc,F4,F,0.0
Comune di Bitonto,5ccd9221-bb48-47f7-b7b5-d30bde89a2dc,G_F,F,78.67645
Comune di Bitonto,5ccd9221-bb48-47f7-b7b5-d30bde89a2dc,A1,A,100.0
Comune di Bitonto,5ccd9221-bb48-47f7-b7b5-d30bde89a2dc,A1_1,A,100.0
Comune di Bitonto,5ccd9221-bb48-47f7-b7b5-d30bde89a2dc,A1_2,A,100.0
Comune di Bitonto,5ccd9221-bb48-47f7-b7b5-d30bde89a2dc,A2,A,100.0
Comune di Bitonto,5ccd9221-bb48-47f7-b7b5-d30bde89a2dc,G_A,A,100.0
Comune di Bitonto,5ccd9221-bb48-47f7-b7b5-d30bde89a2dc,I1,I,93.75
Comune di Bitonto,5ccd9221-bb48-47f7-b7b5-d30bde89a2dc,I2,I,33.33331603088379
Comune di Bitonto,5ccd9221-bb48-47f7-b7b5-d30bde89a2dc,I3,I,30.0
Comune di Bitonto,5ccd9221-bb48-47f7-b7b5-d30bde89a2dc,G_I,I,50.0
Comune di Bitonto,5ccd9221-bb48-47f7-b7b5-d30bde89a2dc,R1_1,R,25.0
Comune di Bitonto,5ccd9221-bb48-47f7-b7b5-d30bde89a2dc,R1_2,R,0.0
Comune di Bitonto,5ccd9221-bb48-47f7-b7b5-d30bde89a2dc,R1_3,R,0.0
Comune di Bitonto,5ccd9221-bb48-47f7-b7b5-d30bde89a2dc,G_R,R,100.0
Comune di Bitonto,6430123d-6a0f-4003-b3b9-996883651cca,F1,F,0.0
Comune di Bitonto,6430123d-6a0f-4003-b3b9-996883651cca,F2,F,48.58284950256348
Comune di Bitonto,6430123d-6a0f-4003-b3b9-996883651cca,F3,F,100.0
Comune di Bitonto,6430123d-6a0f-4003-b3b9-996883651cca,F4,F,0.0
Comune di Bitonto,6430123d-6a0f-4003-b3b9-996883651cca,G_F,F,78.67645
Comune di Bitonto,6430123d-6a0f-4003-b3b9-996883651cca,A1,A,100.0
Comune di Bitonto,6430123d-6a0f-4003-b3b9-996883651cca,A1_1,A,100.0
Comune di Bitonto,6430123d-6a0f-4003-b3b9-996883651cca,A1_2,A,100.0
Comune di Bitonto,6430123d-6a0f-4003-b3b9-996883651cca,A2,A,100.0
Comune di Bitonto,6430123d-6a0f-4003-b3b9-996883651cca,G_A,A,100.0
Comune di Bitonto,6430123d-6a0f-4003-b3b9-996883651cca,I1,I,93.75
Comune di Bitonto,6430123d-6a0f-4003-b3b9-996883651cca,I2,I,33.33331603088379
Comune di Bitonto,6430123d-6a0f-4003-b3b9-996883651cca,I3,I,30.0
Comune di Bitonto,6430123d-6a0f-4003-b3b9-996883651cca,G_I,I,50.0
Comune di Bitonto,6430123d-6a0f-4003-b3b9-996883651cca,R1_1,R,25.0
Comune di Bitonto,6430123d-6a0f-4003-b3b9-996883651cca,R1_2,R,0.0
Comune di Bitonto,6430123d-6a0f-4003-b3b9-996883651cca,R1_3,R,0.0
Comune di Bitonto,6430123d-6a0f-4003-b3b9-996883651cca,G_R,R,100.0
Comune di Bitonto,65cda494-3543-469a-ae59-0a8b23b5ab70,F1,F,0.0
Comune di Bitonto,65cda494-3543-469a-ae59-0a8b23b5ab70,F2,F,48.58284950256348
Comune di Bitonto,65cda494-3543-469a-ae59-0a8b23b5ab70,F3,F,100.0
Comune di Bitonto,65cda494-3543-469a-ae59-0a8b23b5ab70,F4,F,0.0
Comune di Bitonto,65cda494-3543-469a-ae59-0a8b23b5ab70,G_F,F,78.67645
Comune di Bitonto,65cda494-3543-469a-ae59-0a8b23b5ab70,A1,A,100.0
Comune di Bitonto,65cda494-3543-469a-ae59-0a8b23b5ab70,A1_1,A,100.0
Comune di Bitonto,65cda494-3543-469a-ae59-0a8b23b5ab70,A1_2,A,100.0
Comune di Bitonto,65cda494-3543-469a-ae59-0a8b23b5ab70,A2,A,100.0
Comune di Bitonto,65cda494-3543-469a-ae59-0a8b23b5ab70,G_A,A,100.0
Comune di Bitonto,65cda494-3543-469a-ae59-0a8b23b5ab70,I1,I,93.75
Comune di Bitonto,65cda494-3543-469a-ae59-0a8b23b5ab70,I2,I,33.33331603088379
Comune di Bitonto,65cda494-3543-469a-ae59-0a8b23b5ab70,I3,I,30.0
Comune di Bitonto,65cda494-3543-469a-ae59-0a8b23b5ab70,G_I,I,50.0
Comune di Bitonto,65cda494-3543-469a-ae59-0a8b23b5ab70,R1_1,R,25.0
Comune di Bitonto,65cda494-3543-469a-ae59-0a8b23b5ab70,R1_2,R,0.0
Comune di Bitonto,65cda494-3543-469a-ae59-0a8b23b5ab70,R1_3,R,0.0
Comune di Bitonto,65cda494-3543-469a-ae59-0a8b23b5ab70,G_R,R,100.0
Comune di Bitonto,67ae2334-5f7e-44dd-9e65-dc916bb78db6,F1,F,0.0
Comune di Bitonto,67ae2334-5f7e-44dd-9e65-dc916bb78db6,F2,F,48.58284950256348
Comune di Bitonto,67ae2334-5f7e-44dd-9e65-dc916bb78db6,F3,F,100.0
Comune di Bitonto,67ae2334-5f7e-44dd-9e65-dc916bb78db6,F4,F,0.0
Comune di Bitonto,67ae2334-5f7e-44dd-9e65-dc916bb78db6,G_F,F,78.67645
Comune di Bitonto,67ae2334-5f7e-44dd-9e65-dc916bb78db6,A1,A,100.0
Comune di Bitonto,67ae2334-5f7e-44dd-9e65-dc916bb78db6,A1_1,A,100.0
Comune di Bitonto,67ae2334-5f7e-44dd-9e65-dc916bb78db6,A1_2,A,100.0
Comune di Bitonto,67ae2334-5f7e-44dd-9e65-dc916bb78db6,A2,A,100.0
Comune di Bitonto,67ae2334-5f7e-44dd-9e65-dc916bb78db6,G_A,A,100.0
Comune di Bitonto,67ae2334-5f7e-44dd-9e65-dc916bb78db6,I1,I,93.75
Comune di Bitonto,67ae2334-5f7e-44dd-9e65-dc916bb78db6,I2,I,33.33331603088379
Comune di Bitonto,67ae2334-5f7e-44dd-9e65-dc916bb78db6,I3,I,30.0
Comune di Bitonto,67ae2334-5f7e-44dd-9e65-dc916bb78db6,G_I,I,50.0
Comune di Bitonto,67ae2334-5f7e-44dd-9e65-dc916bb78db6,R1_1,R,25.0
Comune di Bitonto,67ae2334-5f7e-44dd-9e65-dc916bb78db6,R1_2,R,0.0
Comune di Bitonto,67ae2334-5f7e-44dd-9e65-dc916bb78db6,R1_3,R,0.0
Comune di Bitonto,67ae2334-5f7e-44dd-9e65-dc916bb78db6,G_R,R,100.0
Comune di Bitonto,8572eaa4-73e8-4e8a-b083-06302df82e68,F1,F,0.0
Comune di Bitonto,8572eaa4-73e8-4e8a-b083-06302df82e68,F2,F,48.58284950256348
Comune di Bitonto,8572eaa4-73e8-4e8a-b083-06302df82e68,F3,F,100.0
Comune di Bitonto,8572eaa4-73e8-4e8a-b083-06302df82e68,F4,F,0.0
Comune di Bitonto,8572eaa4-73e8-4e8a-b083-06302df82e68,G_F,F,78.67645
Comune di Bitonto,8572eaa4-73e8-4e8a-b083-06302df82e68,A1,A,100.0
Comune di Bitonto,8572eaa4-73e8-4e8a-b083-06302df82e68,A1_1,A,100.0
Comune di Bitonto,8572eaa4-73e8-4e8a-b083-06302df82e68,A1_2,A,100.0
Comune di Bitonto,8572eaa4-73e8-4e8a-b083-06302df82e68,A2,A,100.0
Comune di Bitonto,8572eaa4-73e8-4e8a-b083-06302df82e68,G_A,A,100.0
Comune di Bitonto,8572eaa4-73e8-4e8a-b083-06302df82e68,I1,I,93.75
Comune di Bitonto,8572eaa4-73e8-4e8a-b083-06302df82e68,I2,I,33.33331603088379
Comune di Bitonto,8572eaa4-73e8-4e8a-b083-06302df82e68,I3,I,30.0
Comune di Bitonto,8572eaa4-73e8-4e8a-b083-06302df82e68,G_I,I,50.0
Comune di Bitonto,8572eaa4-73e8-4e8a-b083-06302df82e68,R1_1,R,25.0
Comune di Bitonto,8572eaa4-73e8-4e8a-b083-06302df82e68,R1_2,R,0.0
Comune di Bitonto,8572eaa4-73e8-4e8a-b083-06302df82e68,R1_3,R,0.0
Comune di Bitonto,8572eaa4-73e8-4e8a-b083-06302df82e68,G_R,R,100.0
Comune di Bitonto,8f79652d-8160-48c6-a3d2-8d3d777dd6b8,F1,F,0.0
Comune di Bitonto,8f79652d-8160-48c6-a3d2-8d3d777dd6b8,F2,F,48.58284950256348
Comune di Bitonto,8f79652d-8160-48c6-a3d2-8d3d777dd6b8,F3,F,100.0
Comune di Bitonto,8f79652d-8160-48c6-a3d2-8d3d777dd6b8,F4,F,0.0
Comune di Bitonto,8f79652d-8160-48c6-a3d2-8d3d777dd6b8,G_F,F,78.67645
Comune di Bitonto,8f79652d-8160-48c6-a3d2-8d3d777dd6b8,A1,A,100.0
Comune di Bitonto,8f79652d-8160-48c6-a3d2-8d3d777dd6b8,A1_1,A,100.0
Comune di Bitonto,8f79652d-8160-48c6-a3d2-8d3d777dd6b8,A1_2,A,100.0
Comune di Bitonto,8f79652d-8160-48c6-a3d2-8d3d777dd6b8,A2,A,100.0
Comune di Bitonto,8f79652d-8160-48c6-a3d2-8d3d777dd6b8,G_A,A,100.0
Comune di Bitonto,8f79652d-8160-48c6-a3d2-8d3d777dd6b8,I1,I,93.75
Comune di Bitonto,8f79652d-8160-48c6-a3d2-8d3d777dd6b8,I2,I,33.33331603088379
Comune di Bitonto,8f79652d-8160-48c6-a3d2-8d3d777dd6b8,I3,I,30.0
Comune di Bitonto,8f79652d-8160-48c6-a3d2-8d3d777dd6b8,G_I,I,50.0
Comune di Bitonto,8f79652d-8160-48c6-a3d2-8d3d777dd6b8,R1_1,R,25.0
Comune di Bitonto,8f79652d-8160-48c6-a3d2-8d3d777dd6b8,R1_2,R,0.0
Comune di Bitonto,8f79652d-8160-48c6-a3d2-8d3d777dd6b8,R1_3,R,0.0
Comune di Bitonto,8f79652d-8160-48c6-a3d2-8d3d777dd6b8,G_R,R,100.0
Comune di Bitonto,93781862-db93-4550-811b-1cb7c696cf92,F1,F,0.0
Comune di Bitonto,93781862-db93-4550-811b-1cb7c696cf92,F2,F,48.58284950256348
Comune di Bitonto,93781862-db93-4550-811b-1cb7c696cf92,F3,F,100.0
Comune di Bitonto,93781862-db93-4550-811b-1cb7c696cf92,F4,F,0.0
Comune di Bitonto,93781862-db93-4550-811b-1cb7c696cf92,G_F,F,78.67645
Comune di Bitonto,93781862-db93-4550-811b-1cb7c696cf92,A1,A,100.0
Comune di Bitonto,93781862-db93-4550-811b-1cb7c696cf92,A1_1,A,100.0
Comune di Bitonto,93781862-db93-4550-811b-1cb7c696cf92,A1_2,A,100.0
Comune di Bitonto,93781862-db93-4550-811b-1cb7c696cf92,A2,A,100.0
Comune di Bitonto,93781862-db93-4550-811b-1cb7c696cf92,G_A,A,100.0
Comune di Bitonto,93781862-db93-4550-811b-1cb7c696cf92,I1,I,93.75
Comune di Bitonto,93781862-db93-4550-811b-1cb7c696cf92,I2,I,33.33331603088379
Comune di Bitonto,93781862-db93-4550-811b-1cb7c696cf92,I3,I,30.0
Comune di Bitonto,93781862-db93-4550-811b-1cb7c696cf92,G_I,I,50.0
Comune di Bitonto,93781862-db93-4550-811b-1cb7c696cf92,R1_1,R,25.0
Comune di Bitonto,93781862-db93-4550-811b-1cb7c696cf92,R1_2,R,0.0
Comune di Bitonto,93781862-db93-4550-811b-1cb7c696cf92,R1_3,R,0.0
Comune di Bitonto,93781862-db93-4550-811b-1cb7c696cf92,G_R,R,100.0
Comune di Bitonto,97cc4ded-1577-4399-87de-6e673f4498ba,F1,F,0.0
Comune di Bitonto,97cc4ded-1577-4399-87de-6e673f4498ba,F2,F,48.58284950256348
Comune di Bitonto,97cc4ded-1577-4399-87de-6e673f4498ba,F3,F,100.0
Comune di Bitonto,97cc4ded-1577-4399-87de-6e673f4498ba,F4,F,0.0
Comune di Bitonto,97cc4ded-1577-4399-87de-6e673f4498ba,G_F,F,78.67645
Comune di Bitonto,97cc4ded-1577-4399-87de-6e673f4498ba,A1,A,100.0
Comune di Bitonto,97cc4ded-1577-4399-87de-6e673f4498ba,A1_1,A,100.0
Comune di Bitonto,97cc4ded-1577-4399-87de-6e673f4498ba,A1_2,A,100.0
Comune di Bitonto,97cc4ded-1577-4399-87de-6e673f4498ba,A2,A,100.0
Comune di Bitonto,97cc4ded-1577-4399-87de-6e673f4498ba,G_A,A,100.0
Comune di Bitonto,97cc4ded-1577-4399-87de-6e673f4498ba,I1,I,93.75
Comune di Bitonto,97cc4ded-1577-4399-87de-6e673f4498ba,I2,I,33.33331603088379
Comune di Bitonto,97cc4ded-1577-4399-87de-6e673f4498ba,I3,I,30.0
Comune di Bitonto,97cc4ded-1577-4399-87de-6e673f4498ba,G_I,I,50.0
Comune di Bitonto,97cc4ded-1577-4399-87de-6e673f4498ba,R1_1,R,25.0
Comune di Bitonto,97cc4ded-1577-4399-87de-6e673f4498ba,R1_2,R,0.0
Comune di Bitonto,97cc4ded-1577-4399-87de-6e673f4498ba,R1_3,R,0.0
Comune di Bitonto,97cc4ded-1577-4399-87de-6e673f4498ba,G_R,R,100.0
Comune di Bitonto,a11fa127-53d2-4b36-bad0-cecfba9977b0,F1,F,0.0
Comune di Bitonto,a11fa127-53d2-4b36-bad0-cecfba9977b0,F2,F,48.58284950256348
Comune di Bitonto,a11fa127-53d2-4b36-bad0-cecfba9977b0,F3,F,100.0
Comune di Bitonto,a11fa127-53d2-4b36-bad0-cecfba9977b0,F4,F,0.0
Comune di Bitonto,a11fa127-53d2-4b36-bad0-cecfba9977b0,G_F,F,78.67645
Comune di Bitonto,a11fa127-53d2-4b36-bad0-cecfba9977b0,A1,A,100.0
Comune di Bitonto,a11fa127-53d2-4b36-bad0-cecfba9977b0,A1_1,A,100.0
Comune di Bitonto,a11fa127-53d2-4b36-bad0-cecfba9977b0,A1_2,A,100.0
Comune di Bitonto,a11fa127-53d2-4b36-bad0-cecfba9977b0,A2,A,100.0
Comune di Bitonto,a11fa127-53d2-4b36-bad0-cecfba9977b0,G_A,A,100.0
Comune di Bitonto,a11fa127-53d2-4b36-bad0-cecfba9977b0,I1,I,93.75
Comune di Bitonto,a11fa127-53d2-4b36-bad0-cecfba9977b0,I2,I,33.33331603088379
Comune di Bitonto,a11fa127-53d2-4b36-bad0-cecfba9977b0,I3,I,30.0
Comune di Bitonto,a11fa127-53d2-4b36-bad0-cecfba9977b0,G_I,I,50.0
Comune di Bitonto,a11fa127-53d2-4b36-bad0-cecfba9977b0,R1_1,R,25.0
Comune di Bitonto,a11fa127-53d2-4b36-bad0-cecfba9977b0,R1_2,R,0.0
Comune di Bitonto,a11fa127-53d2-4b36-bad0-cecfba9977b0,R1_3,R,0.0
Comune di Bitonto,a11fa127-53d2-4b36-bad0-cecfba9977b0,G_R,R,100.0
Comune di Bitonto,a97cb47a-dbfb-4c9a-8505-d083cfe5b589,F1,F,0.0
Comune di Bitonto,a97cb47a-dbfb-4c9a-8505-d083cfe5b589,F2,F,48.58284950256348
Comune di Bitonto,a97cb47a-dbfb-4c9a-8505-d083cfe5b589,F3,F,100.0
Comune di Bitonto,a97cb47a-dbfb-4c9a-8505-d083cfe5b589,F4,F,0.0
Comune di Bitonto,a97cb47a-dbfb-4c9a-8505-d083cfe5b589,G_F,F,78.67645
Comune di Bitonto,a97cb47a-dbfb-4c9a-8505-d083cfe5b589,A1,A,100.0
Comune di Bitonto,a97cb47a-dbfb-4c9a-8505-d083cfe5b589,A1_1,A,100.0
Comune di Bitonto,a97cb47a-dbfb-4c9a-8505-d083cfe5b589,A1_2,A,100.0
Comune di Bitonto,a97cb47a-dbfb-4c9a-8505-d083cfe5b589,A2,A,100.0
Comune di Bitonto,a97cb47a-dbfb-4c9a-8505-d083cfe5b589,G_A,A,100.0
Comune di Bitonto,a97cb47a-dbfb-4c9a-8505-d083cfe5b589,I1,I,93.75
Comune di Bitonto,a97cb47a-dbfb-4c9a-8505-d083cfe5b589,I2,I,33.33331603088379
Comune di Bitonto,a97cb47a-dbfb-4c9a-8505-d083cfe5b589,I3,I,30.0
Comune di Bitonto,a97cb47a-dbfb-4c9a-8505-d083cfe5b589,G_I,I,50.0
Comune di Bitonto,a97cb47a-dbfb-4c9a-8505-d083cfe5b589,R1_1,R,25.0
Comune di Bitonto,a97cb47a-dbfb-4c9a-8505-d083cfe5b589,R1_2,R,0.0
Comune di Bitonto,a97cb47a-dbfb-4c9a-8505-d083cfe5b589,R1_3,R,0.0
Comune di Bitonto,a97cb47a-dbfb-4c9a-8505-d083cfe5b589,G_R,R,100.0
Comune di Bitonto,abf44397-4287-4b31-bb57-83a65a7a9ca8,F1,F,0.0
Comune di Bitonto,abf44397-4287-4b31-bb57-83a65a7a9ca8,F2,F,17.1875
Comune di Bitonto,abf44397-4287-4b31-bb57-83a65a7a9ca8,F3,F,50.0
Comune di Bitonto,abf44397-4287-4b31-bb57-83a65a7a9ca8,F4,F,0.0
Comune di Bitonto,abf44397-4287-4b31-bb57-83a65a7a9ca8,G_F,F,41.17645
Comune di Bitonto,abf44397-4287-4b31-bb57-83a65a7a9ca8,A1,A,50.0
Comune di Bitonto,abf44397-4287-4b31-bb57-83a65a7a9ca8,A1_1,A,50.0
Comune di Bitonto,abf44397-4287-4b31-bb57-83a65a7a9ca8,A1_2,A,50.0
Comune di Bitonto,abf44397-4287-4b31-bb57-83a65a7a9ca8,A2,A,50.0
Comune di Bitonto,abf44397-4287-4b31-bb57-83a65a7a9ca8,G_A,A,50.0
Comune di Bitonto,abf44397-4287-4b31-bb57-83a65a7a9ca8,I1,I,50.0
Comune di Bitonto,abf44397-4287-4b31-bb57-83a65a7a9ca8,I2,I,16.66665
Comune di Bitonto,abf44397-4287-4b31-bb57-83a65a7a9ca8,I3,I,30.0
Comune di Bitonto,abf44397-4287-4b31-bb57-83a65a7a9ca8,G_I,I,50.0
Comune di Bitonto,abf44397-4287-4b31-bb57-83a65a7a9ca8,R1_1,R,25.0
Comune di Bitonto,abf44397-4287-4b31-bb57-83a65a7a9ca8,R1_2,R,0.0
Comune di Bitonto,abf44397-4287-4b31-bb57-83a65a7a9ca8,R1_3,R,0.0
Comune di Bitonto,abf44397-4287-4b31-bb57-83a65a7a9ca8,G_R,R,50.0
Comune di Bitonto,ad4471b6-f1f7-436b-86f1-362a60cf7bd6,F1,F,0.0
Comune di Bitonto,ad4471b6-f1f7-436b-86f1-362a60cf7bd6,F2,F,48.58284950256348
Comune di Bitonto,ad4471b6-f1f7-436b-86f1-362a60cf7bd6,F3,F,100.0
Comune di Bitonto,ad4471b6-f1f7-436b-86f1-362a60cf7bd6,F4,F,0.0
Comune di Bitonto,ad4471b6-f1f7-436b-86f1-362a60cf7bd6,G_F,F,78.67645
Comune di Bitonto,ad4471b6-f1f7-436b-86f1-362a60cf7bd6,A1,A,100.0
Comune di Bitonto,ad4471b6-f1f7-436b-86f1-362a60cf7bd6,A1_1,A,100.0
Comune di Bitonto,ad4471b6-f1f7-436b-86f1-362a60cf7bd6,A1_2,A,100.0
Comune di Bitonto,ad4471b6-f1f7-436b-86f1-362a60cf7bd6,A2,A,100.0
Comune di Bitonto,ad4471b6-f1f7-436b-86f1-362a60cf7bd6,G_A,A,100.0
Comune di Bitonto,ad4471b6-f1f7-436b-86f1-362a60cf7bd6,I1,I,93.75
Comune di Bitonto,ad4471b6-f1f7-436b-86f1-362a60cf7bd6,I2,I,33.33331603088379
Comune di Bitonto,ad4471b6-f1f7-436b-86f1-362a60cf7bd6,I3,I,30.0
Comune di Bitonto,ad4471b6-f1f7-436b-86f1-362a60cf7bd6,G_I,I,50.0
Comune di Bitonto,ad4471b6-f1f7-436b-86f1-362a60cf7bd6,R1_1,R,25.0
Comune di Bitonto,ad4471b6-f1f7-436b-86f1-362a60cf7bd6,R1_2,R,0.0
Comune di Bitonto,ad4471b6-f1f7-436b-86f1-362a60cf7bd6,R1_3,R,0.0
Comune di Bitonto,ad4471b6-f1f7-436b-86f1-362a60cf7bd6,G_R,R,100.0
Comune di Bitonto,af3113bc-01ca-4690-b569-18b1ac578748,F1,F,0.0
Comune di Bitonto,af3113bc-01ca-4690-b569-18b1ac578748,F2,F,48.58284950256348
Comune di Bitonto,af3113bc-01ca-4690-b569-18b1ac578748,F3,F,100.0
Comune di Bitonto,af3113bc-01ca-4690-b569-18b1ac578748,F4,F,0.0
Comune di Bitonto,af3113bc-01ca-4690-b569-18b1ac578748,G_F,F,78.67645
Comune di Bitonto,af3113bc-01ca-4690-b569-18b1ac578748,A1,A,100.0
Comune di Bitonto,af3113bc-01ca-4690-b569-18b1ac578748,A1_1,A,100.0
Comune di Bitonto,af3113bc-01ca-4690-b569-18b1ac578748,A1_2,A,100.0
Comune di Bitonto,af3113bc-01ca-4690-b569-18b1ac578748,A2,A,100.0
Comune di Bitonto,af3113bc-01ca-4690-b569-18b1ac578748,G_A,A,100.0
Comune di Bitonto,af3113bc-01ca-4690-b569-18b1ac578748,I1,I,93.75
Comune di Bitonto,af3113bc-01ca-4690-b569-18b1ac578748,I2,I,33.33331603088379
Comune di Bitonto,af3113bc-01ca-4690-b569-18b1ac578748,I3,I,30.0
Comune di Bitonto,af3113bc-01ca-4690-b569-18b1ac578748,G_I,I,50.0
Comune di Bitonto,af3113bc-01ca-4690-b569-18b1ac578748,R1_1,R,25.0
Comune di Bitonto,af3113bc-01ca-4690-b569-18b1ac578748,R1_2,R,0.0
Comune di Bitonto,af3113bc-01ca-4690-b569-18b1ac578748,R1_3,R,0.0
Comune di Bitonto,af3113bc-01ca-4690-b569-18b1ac578748,G_R,R,100.0
Comune di Bitonto,c592d7c1-da48-4397-bdbf-72151cc88387,F1,F,0.0
Comune di Bitonto,c592d7c1-da48-4397-bdbf-72151cc88387,F2,F,48.58284950256348
Comune di Bitonto,c592d7c1-da48-4397-bdbf-72151cc88387,F3,F,100.0
Comune di Bitonto,c592d7c1-da48-4397-bdbf-72151cc88387,F4,F,0.0
Comune di Bitonto,c592d7c1-da48-4397-bdbf-72151cc88387,G_F,F,78.67645
Comune di Bitonto,c592d7c1-da48-4397-bdbf-72151cc88387,A1,A,100.0
Comune di Bitonto,c592d7c1-da48-4397-bdbf-72151cc88387,A1_1,A,100.0
Comune di Bitonto,c592d7c1-da48-4397-bdbf-72151cc88387,A1_2,A,100.0
Comune di Bitonto,c592d7c1-da48-4397-bdbf-72151cc88387,A2,A,100.0
Comune di Bitonto,c592d7c1-da48-4397-bdbf-72151cc88387,G_A,A,100.0
Comune di Bitonto,c592d7c1-da48-4397-bdbf-72151cc88387,I1,I,93.75
Comune di Bitonto,c592d7c1-da48-4397-bdbf-72151cc88387,I2,I,33.33331603088379
Comune di Bitonto,c592d7c1-da48-4397-bdbf-72151cc88387,I3,I,30.0
Comune di Bitonto,c592d7c1-da48-4397-bdbf-72151cc88387,G_I,I,50.0
Comune di Bitonto,c592d7c1-da48-4397-bdbf-72151cc88387,R1_1,R,25.0
Comune di Bitonto,c592d7c1-da48-4397-bdbf-72151cc88387,R1_2,R,0.0
Comune di Bitonto,c592d7c1-da48-4397-bdbf-72151cc88387,R1_3,R,0.0
Comune di Bitonto,c592d7c1-da48-4397-bdbf-72151cc88387,G_R,R,100.0
Comune di Bitonto,d53403fe-6a1d-4cc2-9cb9-81936ef9ff28,F1,F,0.0
Comune di Bitonto,d53403fe-6a1d-4cc2-9cb9-81936ef9ff28,F2,F,48.58284950256348
Comune di Bitonto,d53403fe-6a1d-4cc2-9cb9-81936ef9ff28,F3,F,100.0
Comune di Bitonto,d53403fe-6a1d-4cc2-9cb9-81936ef9ff28,F4,F,0.0
Comune di Bitonto,d53403fe-6a1d-4cc2-9cb9-81936ef9ff28,G_F,F,78.67645
Comune di Bitonto,d53403fe-6a1d-4cc2-9cb9-81936ef9ff28,A1,A,100.0
Comune di Bitonto,d53403fe-6a1d-4cc2-9cb9-81936ef9ff28,A1_1,A,100.0
Comune di Bitonto,d53403fe-6a1d-4cc2-9cb9-81936ef9ff28,A1_2,A,100.0
Comune di Bitonto,d53403fe-6a1d-4cc2-9cb9-81936ef9ff28,A2,A,100.0
Comune di Bitonto,d53403fe-6a1d-4cc2-9cb9-81936ef9ff28,G_A,A,100.0
Comune di Bitonto,d53403fe-6a1d-4cc2-9cb9-81936ef9ff28,I1,I,93.75
Comune di Bitonto,d53403fe-6a1d-4cc2-9cb9-81936ef9ff28,I2,I,33.33331603088379
Comune di Bitonto,d53403fe-6a1d-4cc2-9cb9-81936ef9ff28,I3,I,30.0
Comune di Bitonto,d53403fe-6a1d-4cc2-9cb9-81936ef9ff28,G_I,I,50.0
Comune di Bitonto,d53403fe-6a1d-4cc2-9cb9-81936ef9ff28,R1_1,R,25.0
Comune di Bitonto,d53403fe-6a1d-4cc2-9cb9-81936ef9ff28,R1_2,R,0.0
Comune di Bitonto,d53403fe-6a1d-4cc2-9cb9-81936ef9ff28,R1_3,R,0.0
Comune di Bitonto,d53403fe-6a1d-4cc2-9cb9-81936ef9ff28,G_R,R,100.0
Comune di Bitonto,e904f1b8-2047-4048-a36f-85416447e6e0,F1,F,0.0
Comune di Bitonto,e904f1b8-2047-4048-a36f-85416447e6e0,F2,F,48.58284950256348
Comune di Bitonto,e904f1b8-2047-4048-a36f-85416447e6e0,F3,F,100.0
Comune di Bitonto,e904f1b8-2047-4048-a36f-85416447e6e0,F4,F,0.0
Comune di Bitonto,e904f1b8-2047-4048-a36f-85416447e6e0,G_F,F,78.67645
Comune di Bitonto,e904f1b8-2047-4048-a36f-85416447e6e0,A1,A,100.0
Comune di Bitonto,e904f1b8-2047-4048-a36f-85416447e6e0,A1_1,A,100.0
Comune di Bitonto,e904f1b8-2047-4048-a36f-85416447e6e0,A1_2,A,100.0
Comune di Bitonto,e904f1b8-2047-4048-a36f-85416447e6e0,A2,A,100.0
Comune di Bitonto,e904f1b8-2047-4048-a36f-85416447e6e0,G_A,A,100.0
Comune di Bitonto,e904f1b8-2047-4048-a36f-85416447e6e0,I1,I,93.75
Comune di Bitonto,e904f1b8-2047-4048-a36f-85416447e6e0,I2,I,33.33331603088379
Comune di Bitonto,e904f1b8-2047-4048-a36f-85416447e6e0,I3,I,30.0
Comune di Bitonto,e904f1b8-2047-4048-a36f-85416447e6e0,G_I,I,50.0
Comune di Bitonto,e904f1b8-2047-4048-a36f-85416447e6e0,R1_1,R,25.0
Comune di Bitonto,e904f1b8-2047-4048-a36f-85416447e6e0,R1_2,R,0.0
Comune di Bitonto,e904f1b8-2047-4048-a36f-85416447e6e0,R1_3,R,0.0
Comune di Bitonto,e904f1b8-2047-4048-a36f-85416447e6e0,G_R,R,100.0
Comune di Bitonto,edaf7ace-1400-4ab2-8a3b-1373cf2cd748,F1,F,0.0
Comune di Bitonto,edaf7ace-1400-4ab2-8a3b-1373cf2cd748,F2,F,48.58284950256348
Comune di Bitonto,edaf7ace-1400-4ab2-8a3b-1373cf2cd748,F3,F,100.0
Comune di Bitonto,edaf7ace-1400-4ab2-8a3b-1373cf2cd748,F4,F,0.0
Comune di Bitonto,edaf7ace-1400-4ab2-8a3b-1373cf2cd748,G_F,F,78.67645
Comune di Bitonto,edaf7ace-1400-4ab2-8a3b-1373cf2cd748,A1,A,100.0
Comune di Bitonto,edaf7ace-1400-4ab2-8a3b-1373cf2cd748,A1_1,A,100.0
Comune di Bitonto,edaf7ace-1400-4ab2-8a3b-1373cf2cd748,A1_2,A,100.0
Comune di Bitonto,edaf7ace-1400-4ab2-8a3b-1373cf2cd748,A2,A,100.0
Comune di Bitonto,edaf7ace-1400-4ab2-8a3b-1373cf2cd748,G_A,A,100.0
Comune di Bitonto,edaf7ace-1400-4ab2-8a3b-1373cf2cd748,I1,I,93.75
Comune di Bitonto,edaf7ace-1400-4ab2-8a3b-1373cf2cd748,I2,I,33.33331603088379
Comune di Bitonto,edaf7ace-1400-4ab2-8a3b-1373cf2cd748,I3,I,30.0
Comune di Bitonto,edaf7ace-1400-4ab2-8a3b-1373cf2cd748,G_I,I,50.0
Comune di Bitonto,edaf7ace-1400-4ab2-8a3b-1373cf2cd748,R1_1,R,25.0
Comune di Bitonto,edaf7ace-1400-4ab2-8a3b-1373cf2cd748,R1_2,R,0.0
Comune di Bitonto,edaf7ace-1400-4ab2-8a3b-1373cf2cd748,R1_3,R,0.0
Comune di Bitonto,edaf7ace-1400-4ab2-8a3b-1373cf2cd748,G_R,R,100.0
Comune di Bitonto,f2686bfe-5444-40c9-acdb-87d71e577225,F1,F,0.0
Comune di Bitonto,f2686bfe-5444-40c9-acdb-87d71e577225,F2,F,48.58284950256348
Comune di Bitonto,f2686bfe-5444-40c9-acdb-87d71e577225,F3,F,100.0
Comune di Bitonto,f2686bfe-5444-40c9-acdb-87d71e577225,F4,F,0.0
Comune di Bitonto,f2686bfe-5444-40c9-acdb-87d71e577225,G_F,F,78.67645
Comune di Bitonto,f2686bfe-5444-40c9-acdb-87d71e577225,A1,A,100.0
Comune di Bitonto,f2686bfe-5444-40c9-acdb-87d71e577225,A1_1,A,100.0
Comune di Bitonto,f2686bfe-5444-40c9-acdb-87d71e577225,A1_2,A,100.0
Comune di Bitonto,f2686bfe-5444-40c9-acdb-87d71e577225,A2,A,100.0
Comune di Bitonto,f2686bfe-5444-40c9-acdb-87d71e577225,G_A,A,100.0
Comune di Bitonto,f2686bfe-5444-40c9-acdb-87d71e577225,I1,I,93.75
Comune di Bitonto,f2686bfe-5444-40c9-acdb-87d71e577225,I2,I,33.33331603088379
Comune di Bitonto,f2686bfe-5444-40c9-acdb-87d71e577225,I3,I,30.0
Comune di Bitonto,f2686bfe-5444-40c9-acdb-87d71e577225,G_I,I,50.0
Comune di Bitonto,f2686bfe-5444-40c9-acdb-87d71e577225,R1_1,R,25.0
Comune di Bitonto,f2686bfe-5444-40c9-acdb-87d71e577225,R1_2,R,0.0
Comune di Bitonto,f2686bfe-5444-40c9-acdb-87d71e577225,R1_3,R,0.0
Comune di Bitonto,f2686bfe-5444-40c9-acdb-87d71e577225,G_R,R,100.0
Comune di Bitonto,fbbca4a1-9bb1-4bcc-a3e1-6e15ddc8e62f,F1,F,0.0
Comune di Bitonto,fbbca4a1-9bb1-4bcc-a3e1-6e15ddc8e62f,F2,F,48.58284950256348
Comune di Bitonto,fbbca4a1-9bb1-4bcc-a3e1-6e15ddc8e62f,F3,F,100.0
Comune di Bitonto,fbbca4a1-9bb1-4bcc-a3e1-6e15ddc8e62f,F4,F,0.0
Comune di Bitonto,fbbca4a1-9bb1-4bcc-a3e1-6e15ddc8e62f,G_F,F,78.67645
Comune di Bitonto,fbbca4a1-9bb1-4bcc-a3e1-6e15ddc8e62f,A1,A,100.0
Comune di Bitonto,fbbca4a1-9bb1-4bcc-a3e1-6e15ddc8e62f,A1_1,A,100.0
Comune di Bitonto,fbbca4a1-9bb1-4bcc-a3e1-6e15ddc8e62f,A1_2,A,100.0
Comune di Bitonto,fbbca4a1-9bb1-4bcc-a3e1-6e15ddc8e62f,A2,A,100.0
Comune di Bitonto,fbbca4a1-9bb1-4bcc-a3e1-6e15ddc8e62f,G_A,A,100.0
Comune di Bitonto,fbbca4a1-9bb1-4bcc-a3e1-6e15ddc8e62f,I1,I,93.75
Comune di Bitonto,fbbca4a1-9bb1-4bcc-a3e1-6e15ddc8e62f,I2,I,33.33331603088379
Comune di Bitonto,fbbca4a1-9bb1-4bcc-a3e1-6e15ddc8e62f,I3,I,30.0
Comune di Bitonto,fbbca4a1-9bb1-4bcc-a3e1-6e15ddc8e62f,G_I,I,50.0
Comune di Bitonto,fbbca4a1-9bb1-4bcc-a3e1-6e15ddc8e62f,R1_1,R,25.0
Comune di Bitonto,fbbca4a1-9bb1-4bcc-a3e1-6e15ddc8e62f,R1_2,R,0.0
Comune di Bitonto,fbbca4a1-9bb1-4bcc-a3e1-6e15ddc8e62f,R1_3,R,0.0
Comune di Bitonto,fbbca4a1-9bb1-4bcc-a3e1-6e15ddc8e62f,G_R,R,100.0
Comune di Bitonto,ff0f5897-5fcb-4460-a616-d60d1594d5fe,F1,F,0.0
Comune di Bitonto,ff0f5897-5fcb-4460-a616-d60d1594d5fe,F2,F,48.58284950256348
Comune di Bitonto,ff0f5897-5fcb-4460-a616-d60d1594d5fe,F3,F,100.0
Comune di Bitonto,ff0f5897-5fcb-4460-a616-d60d1594d5fe,F4,F,0.0
Comune di Bitonto,ff0f5897-5fcb-4460-a616-d60d1594d5fe,G_F,F,78.67645
Comune di Bitonto,ff0f5897-5fcb-4460-a616-d60d1594d5fe,A1,A,100.0
Comune di Bitonto,ff0f5897-5fcb-4460-a616-d60d1594d5fe,A1_1,A,100.0
Comune di Bitonto,ff0f5897-5fcb-4460-a616-d60d1594d5fe,A1_2,A,100.0
Comune di Bitonto,ff0f5897-5fcb-4460-a616-d60d1594d5fe,A2,A,100.0
Comune di Bitonto,ff0f5897-5fcb-4460-a616-d60d1594d5fe,G_A,A,100.0
Comune di Bitonto,ff0f5897-5fcb-4460-a616-d60d1594d5fe,I1,I,93.75
Comune di Bitonto,ff0f5897-5fcb-4460-a616-d60d1594d5fe,I2,I,33.33331603088379
Comune di Bitonto,ff0f5897-5fcb-4460-a616-d60d1594d5fe,I3,I,30.0
Comune di Bitonto,ff0f5897-5fcb-4460-a616-d60d1594d5fe,G_I,I,50.0
Comune di Bitonto,ff0f5897-5fcb-4460-a616-d60d1594d5fe,R1_1,R,25.0
Comune di Bitonto,ff0f5897-5fcb-4460-a616-d60d1594d5fe,R1_2,R,0.0
Comune di Bitonto,ff0f5897-5fcb-4460-a616-d60d1594d5fe,R1_3,R,0.0
Comune di Bitonto,ff0f5897-5fcb-4460-a616-d60d1594d5fe,G_R,R,100.0
Comune di Crispiano,albopretoriocomunedicrispiano,F1,F,0.0
Comune di Crispiano,albopretoriocomunedicrispiano,F2,F,54.069766998291016
Comune di Crispiano,albopretoriocomunedicrispiano,F3,F,100.0
Comune di Crispiano,albopretoriocomunedicrispiano,F4,F,0.0
Comune di Crispiano,albopretoriocomunedicrispiano,G_F,F,64.41175
Comune di Crispiano,albopretoriocomunedicrispiano,A1,A,100.0
Comune di Crispiano,albopretoriocomunedicrispiano,A1_1,A,100.0
Comune di Crispiano,albopretoriocomunedicrispiano,A1_2,A,100.0
Comune di Crispiano,albopretoriocomunedicrispiano,A2,A,100.0
Comune di Crispiano,albopretoriocomunedicrispiano,G_A,A,0.0
Comune di Crispiano,albopretoriocomunedicrispiano,I1,I,75.0
Comune di Crispiano,albopretoriocomunedicrispiano,I2,I,41.666650000000004
Comune di Crispiano,albopretoriocomunedicrispiano,I3,I,31.25
Comune di Crispiano,albopretoriocomunedicrispiano,G_I,I,100.0
Comune di Crispiano,albopretoriocomunedicrispiano,R1_1,R,25.0
Comune di Crispiano,albopretoriocomunedicrispiano,R1_2,R,0.0
Comune di Crispiano,albopretoriocomunedicrispiano,R1_3,R,0.0
Comune di Crispiano,albopretoriocomunedicrispiano,G_R,R,50.0
Comune di Crispiano,andamento-cassa-periodo-2018-2022,F1,F,0.0
Comune di Crispiano,andamento-cassa-periodo-2018-2022,F2,F,54.069766998291016
Comune di Crispiano,andamento-cassa-periodo-2018-2022,F3,F,100.0
Comune di Crispiano,andamento-cassa-periodo-2018-2022,F4,F,0.0
Comune di Crispiano,andamento-cassa-periodo-2018-2022,G_F,F,52.56412011108399
Comune di Crispiano,andamento-cassa-periodo-2018-2022,A1,A,100.0
Comune di Crispiano,andamento-cassa-periodo-2018-2022,A1_1,A,100.0
Comune di Crispiano,andamento-cassa-periodo-2018-2022,A1_2,A,100.0
Comune di Crispiano,andamento-cassa-periodo-2018-2022,A2,A,100.0
Comune di Crispiano,andamento-cassa-periodo-2018-2022,G_A,A,50.0
Comune di Crispiano,andamento-cassa-periodo-2018-2022,I1,I,89.58333333333334
Comune di Crispiano,andamento-cassa-periodo-2018-2022,I2,I,46.42855
Comune di Crispiano,andamento-cassa-periodo-2018-2022,I3,I,22.2222
Comune di Crispiano,andamento-cassa-periodo-2018-2022,G_I,I,100.0
Comune di Crispiano,andamento-cassa-periodo-2018-2022,R1_1,R,25.0
Comune di Crispiano,andamento-cassa-periodo-2018-2022,R1_2,R,0.0
Comune di Crispiano,andamento-cassa-periodo-2018-2022,R1_3,R,35.37035
Comune di Crispiano,andamento-cassa-periodo-2018-2022,G_R,R,50.0
Comune di Crispiano,andamento-entrate-tributarie,F1,F,0.0
Comune di Crispiano,andamento-entrate-tributarie,F2,F,54.069766998291016
Comune di Crispiano,andamento-entrate-tributarie,F3,F,100.0
Comune di Crispiano,andamento-entrate-tributarie,F4,F,0.0
Comune di Crispiano,andamento-entrate-tributarie,G_F,F,54.230770111083984
Comune di Crispiano,andamento-entrate-tributarie,A1,A,100.0
Comune di Crispiano,andamento-entrate-tributarie,A1_1,A,100.0
Comune di Crispiano,andamento-entrate-tributarie,A1_2,A,100.0
Comune di Crispiano,andamento-entrate-tributarie,A2,A,100.0
Comune di Crispiano,andamento-entrate-tributarie,G_A,A,50.0
Comune di Crispiano,andamento-entrate-tributarie,I1,I,87.5
Comune di Crispiano,andamento-entrate-tributarie,I2,I,45.0
Comune di Crispiano,andamento-entrate-tributarie,I3,I,28.57145
Comune di Crispiano,andamento-entrate-tributarie,G_I,I,100.0
Comune di Crispiano,andamento-entrate-tributarie,R1_1,R,25.0
Comune di Crispiano,andamento-entrate-tributarie,R1_2,R,0.0
Comune di Crispiano,andamento-entrate-tributarie,R1_3,R,40.98765
Comune di Crispiano,andamento-entrate-tributarie,G_R,R,50.0
Comune di Crispiano,andamento-spesa-corrente,F1,F,0.0
Comune di Crispiano,andamento-spesa-corrente,F2,F,54.069766998291016
Comune di Crispiano,andamento-spesa-corrente,F3,F,100.0
Comune di Crispiano,andamento-spesa-corrente,F4,F,0.0
Comune di Crispiano,andamento-spesa-corrente,G_F,F,54.230770111083984
Comune di Crispiano,andamento-spesa-corrente,A1,A,100.0
Comune di Crispiano,andamento-spesa-corrente,A1_1,A,100.0
Comune di Crispiano,andamento-spesa-corrente,A1_2,A,100.0
Comune di Crispiano,andamento-spesa-corrente,A2,A,100.0
Comune di Crispiano,andamento-spesa-corrente,G_A,A,50.0
Comune di Crispiano,andamento-spesa-corrente,I1,I,87.5
Comune di Crispiano,andamento-spesa-corrente,I2,I,45.0
Comune di Crispiano,andamento-spesa-corrente,I3,I,28.57145
Comune di Crispiano,andamento-spesa-corrente,G_I,I,100.0
Comune di Crispiano,andamento-spesa-corrente,R1_1,R,25.0
Comune di Crispiano,andamento-spesa-corrente,R1_2,R,0.0
Comune di Crispiano,andamento-spesa-corrente,R1_3,R,40.98765
Comune di Crispiano,andamento-spesa-corrente,G_R,R,50.0
Comune di Crispiano,assegni-di-maternita-2022,F1,F,0.0
Comune di Crispiano,assegni-di-maternita-2022,F2,F,54.069766998291016
Comune di Crispiano,assegni-di-maternita-2022,F3,F,100.0
Comune di Crispiano,assegni-di-maternita-2022,F4,F,0.0
Comune di Crispiano,assegni-di-maternita-2022,G_F,F,52.56412011108399
Comune di Crispiano,assegni-di-maternita-2022,A1,A,100.0
Comune di Crispiano,assegni-di-maternita-2022,A1_1,A,100.0
Comune di Crispiano,assegni-di-maternita-2022,A1_2,A,100.0
Comune di Crispiano,assegni-di-maternita-2022,A2,A,100.0
Comune di Crispiano,assegni-di-maternita-2022,G_A,A,50.0
Comune di Crispiano,assegni-di-maternita-2022,I1,I,89.58333333333334
Comune di Crispiano,assegni-di-maternita-2022,I2,I,46.42855
Comune di Crispiano,assegni-di-maternita-2022,I3,I,22.2222
Comune di Crispiano,assegni-di-maternita-2022,G_I,I,100.0
Comune di Crispiano,assegni-di-maternita-2022,R1_1,R,25.0
Comune di Crispiano,assegni-di-maternita-2022,R1_2,R,0.0
Comune di Crispiano,assegni-di-maternita-2022,R1_3,R,38.5185
Comune di Crispiano,assegni-di-maternita-2022,G_R,R,50.0
Comune di Crispiano,atti-deliberativi-del-consiglio-comunale-di-crispiano,F1,F,0.0
Comune di Crispiano,atti-deliberativi-del-consiglio-comunale-di-crispiano,F2,F,54.069766998291016
Comune di Crispiano,atti-deliberativi-del-consiglio-comunale-di-crispiano,F3,F,100.0
Comune di Crispiano,atti-deliberativi-del-consiglio-comunale-di-crispiano,F4,F,0.0
Comune di Crispiano,atti-deliberativi-del-consiglio-comunale-di-crispiano,G_F,F,56.730770111083984
Comune di Crispiano,atti-deliberativi-del-consiglio-comunale-di-crispiano,A1,A,100.0
Comune di Crispiano,atti-deliberativi-del-consiglio-comunale-di-crispiano,A1_1,A,100.0
Comune di Crispiano,atti-deliberativi-del-consiglio-comunale-di-crispiano,A1_2,A,100.0
Comune di Crispiano,atti-deliberativi-del-consiglio-comunale-di-crispiano,A2,A,100.0
Comune di Crispiano,atti-deliberativi-del-consiglio-comunale-di-crispiano,G_A,A,50.0
Comune di Crispiano,atti-deliberativi-del-consiglio-comunale-di-crispiano,I1,I,93.75
Comune di Crispiano,atti-deliberativi-del-consiglio-comunale-di-crispiano,I2,I,41.666650000000004
Comune di Crispiano,atti-deliberativi-del-consiglio-comunale-di-crispiano,I3,I,37.5
Comune di Crispiano,atti-deliberativi-del-consiglio-comunale-di-crispiano,G_I,I,100.0
Comune di Crispiano,atti-deliberativi-del-consiglio-comunale-di-crispiano,R1_1,R,25.0
Comune di Crispiano,atti-deliberativi-del-consiglio-comunale-di-crispiano,R1_2,R,0.0
Comune di Crispiano,atti-deliberativi-del-consiglio-comunale-di-crispiano,R1_3,R,35.37035
Comune di Crispiano,atti-deliberativi-del-consiglio-comunale-di-crispiano,G_R,R,50.0
Comune di Crispiano,atti-deliberativi-giunta-comunale-crispiano,F1,F,0.0
Comune di Crispiano,atti-deliberativi-giunta-comunale-crispiano,F2,F,25.0
Comune di Crispiano,atti-deliberativi-giunta-comunale-crispiano,F3,F,50.0
Comune di Crispiano,atti-deliberativi-giunta-comunale-crispiano,F4,F,0.0
Comune di Crispiano,atti-deliberativi-giunta-comunale-crispiano,G_F,F,38.2353
Comune di Crispiano,atti-deliberativi-giunta-comunale-crispiano,A1,A,50.0
Comune di Crispiano,atti-deliberativi-giunta-comunale-crispiano,A1_1,A,50.0
Comune di Crispiano,atti-deliberativi-giunta-comunale-crispiano,A1_2,A,50.0
Comune di Crispiano,atti-deliberativi-giunta-comunale-crispiano,A2,A,50.0
Comune di Crispiano,atti-deliberativi-giunta-comunale-crispiano,G_A,A,50.0
Comune di Crispiano,atti-deliberativi-giunta-comunale-crispiano,I1,I,50.0
Comune di Crispiano,atti-deliberativi-giunta-comunale-crispiano,I2,I,16.66665
Comune di Crispiano,atti-deliberativi-giunta-comunale-crispiano,I3,I,40.0
Comune di Crispiano,atti-deliberativi-giunta-comunale-crispiano,G_I,I,50.0
Comune di Crispiano,atti-deliberativi-giunta-comunale-crispiano,R1_1,R,25.0
Comune di Crispiano,atti-deliberativi-giunta-comunale-crispiano,R1_2,R,0.0
Comune di Crispiano,atti-deliberativi-giunta-comunale-crispiano,R1_3,R,0.0
Comune di Crispiano,atti-deliberativi-giunta-comunale-crispiano,G_R,R,25.0
Comune di Crispiano,atti-di-concessione-di-sovvenzioni-comune-di-crispiano,F1,F,0.0
Comune di Crispiano,atti-di-concessione-di-sovvenzioni-comune-di-crispiano,F2,F,54.069766998291016
Comune di Crispiano,atti-di-concessione-di-sovvenzioni-comune-di-crispiano,F3,F,100.0
Comune di Crispiano,atti-di-concessione-di-sovvenzioni-comune-di-crispiano,F4,F,0.0
Comune di Crispiano,atti-di-concessione-di-sovvenzioni-comune-di-crispiano,G_F,F,55.168270111083984
Comune di Crispiano,atti-di-concessione-di-sovvenzioni-comune-di-crispiano,A1,A,100.0
Comune di Crispiano,atti-di-concessione-di-sovvenzioni-comune-di-crispiano,A1_1,A,100.0
Comune di Crispiano,atti-di-concessione-di-sovvenzioni-comune-di-crispiano,A1_2,A,100.0
Comune di Crispiano,atti-di-concessione-di-sovvenzioni-comune-di-crispiano,A2,A,100.0
Comune di Crispiano,atti-di-concessione-di-sovvenzioni-comune-di-crispiano,G_A,A,50.0
Comune di Crispiano,atti-di-concessione-di-sovvenzioni-comune-di-crispiano,I1,I,93.75
Comune di Crispiano,atti-di-concessione-di-sovvenzioni-comune-di-crispiano,I2,I,45.0
Comune di Crispiano,atti-di-concessione-di-sovvenzioni-comune-di-crispiano,I3,I,33.33335
Comune di Crispiano,atti-di-concessione-di-sovvenzioni-comune-di-crispiano,G_I,I,100.0
Comune di Crispiano,atti-di-concessione-di-sovvenzioni-comune-di-crispiano,R1_1,R,25.0
Comune di Crispiano,atti-di-concessione-di-sovvenzioni-comune-di-crispiano,R1_2,R,0.0
Comune di Crispiano,atti-di-concessione-di-sovvenzioni-comune-di-crispiano,R1_3,R,39.07405
Comune di Crispiano,atti-di-concessione-di-sovvenzioni-comune-di-crispiano,G_R,R,50.0
Comune di Crispiano,banca-dati-lavori-pubblici-bdap-comune-di-crispiano,F1,F,0.0
Comune di Crispiano,banca-dati-lavori-pubblici-bdap-comune-di-crispiano,F2,F,54.069766998291016
Comune di Crispiano,banca-dati-lavori-pubblici-bdap-comune-di-crispiano,F3,F,100.0
Comune di Crispiano,banca-dati-lavori-pubblici-bdap-comune-di-crispiano,F4,F,0.0
Comune di Crispiano,banca-dati-lavori-pubblici-bdap-comune-di-crispiano,G_F,F,58.63223505554199
Comune di Crispiano,banca-dati-lavori-pubblici-bdap-comune-di-crispiano,A1,A,100.0
Comune di Crispiano,banca-dati-lavori-pubblici-bdap-comune-di-crispiano,A1_1,A,100.0
Comune di Crispiano,banca-dati-lavori-pubblici-bdap-comune-di-crispiano,A1_2,A,100.0
Comune di Crispiano,banca-dati-lavori-pubblici-bdap-comune-di-crispiano,A2,A,100.0
Comune di Crispiano,banca-dati-lavori-pubblici-bdap-comune-di-crispiano,G_A,A,50.0
Comune di Crispiano,banca-dati-lavori-pubblici-bdap-comune-di-crispiano,I1,I,93.75
Comune di Crispiano,banca-dati-lavori-pubblici-bdap-comune-di-crispiano,I2,I,45.0
Comune di Crispiano,banca-dati-lavori-pubblici-bdap-comune-di-crispiano,I3,I,35.0
Comune di Crispiano,banca-dati-lavori-pubblici-bdap-comune-di-crispiano,G_I,I,100.0
Comune di Crispiano,banca-dati-lavori-pubblici-bdap-comune-di-crispiano,R1_1,R,25.0
Comune di Crispiano,banca-dati-lavori-pubblici-bdap-comune-di-crispiano,R1_2,R,0.0
Comune di Crispiano,banca-dati-lavori-pubblici-bdap-comune-di-crispiano,R1_3,R,39.07405
Comune di Crispiano,banca-dati-lavori-pubblici-bdap-comune-di-crispiano,G_R,R,50.0
Comune di Crispiano,centri-estivi-2023-noemi,F1,F,0.0
Comune di Crispiano,centri-estivi-2023-noemi,F2,F,54.069766998291016
Comune di Crispiano,centri-estivi-2023-noemi,F3,F,100.0
Comune di Crispiano,centri-estivi-2023-noemi,F4,F,0.0
Comune di Crispiano,centri-estivi-2023-noemi,G_F,F,54.55687011108398
Comune di Crispiano,centri-estivi-2023-noemi,A1,A,100.0
Comune di Crispiano,centri-estivi-2023-noemi,A1_1,A,100.0
Comune di Crispiano,centri-estivi-2023-noemi,A1_2,A,100.0
Comune di Crispiano,centri-estivi-2023-noemi,A2,A,100.0
Comune di Crispiano,centri-estivi-2023-noemi,G_A,A,50.0
Comune di Crispiano,centri-estivi-2023-noemi,I1,I,93.75
Comune di Crispiano,centri-estivi-2023-noemi,I2,I,45.0
Comune di Crispiano,centri-estivi-2023-noemi,I3,I,25.0
Comune di Crispiano,centri-estivi-2023-noemi,G_I,I,100.0
Comune di Crispiano,centri-estivi-2023-noemi,R1_1,R,25.0
Comune di Crispiano,centri-estivi-2023-noemi,R1_2,R,0.0
Comune di Crispiano,centri-estivi-2023-noemi,R1_3,R,0.0
Comune di Crispiano,centri-estivi-2023-noemi,G_R,R,50.0
Comune di Crispiano,contributi-economici-2022,F1,F,0.0
Comune di Crispiano,contributi-economici-2022,F2,F,54.069766998291016
Comune di Crispiano,contributi-economici-2022,F3,F,100.0
Comune di Crispiano,contributi-economici-2022,F4,F,0.0
Comune di Crispiano,contributi-economici-2022,G_F,F,53.94954674072265
Comune di Crispiano,contributi-economici-2022,A1,A,100.0
Comune di Crispiano,contributi-economici-2022,A1_1,A,100.0
Comune di Crispiano,contributi-economici-2022,A1_2,A,100.0
Comune di Crispiano,contributi-economici-2022,A2,A,100.0
Comune di Crispiano,contributi-economici-2022,G_A,A,50.0
Comune di Crispiano,contributi-economici-2022,I1,I,85.41666666666666
Comune di Crispiano,contributi-economici-2022,I2,I,46.42855
Comune di Crispiano,contributi-economici-2022,I3,I,18.75
Comune di Crispiano,contributi-economici-2022,G_I,I,100.0
Comune di Crispiano,contributi-economici-2022,R1_1,R,25.0
Comune di Crispiano,contributi-economici-2022,R1_2,R,0.0
Comune di Crispiano,contributi-economici-2022,R1_3,R,38.5185
Comune di Crispiano,contributi-economici-2022,G_R,R,50.0
Comune di Crispiano,covid19-andamento-comune-di-crispiano,F1,F,0.0
Comune di Crispiano,covid19-andamento-comune-di-crispiano,F2,F,54.069766998291016
Comune di Crispiano,covid19-andamento-comune-di-crispiano,F3,F,100.0
Comune di Crispiano,covid19-andamento-comune-di-crispiano,F4,F,0.0
Comune di Crispiano,covid19-andamento-comune-di-crispiano,G_F,F,58.674535055541995
Comune di Crispiano,covid19-andamento-comune-di-crispiano,A1,A,100.0
Comune di Crispiano,covid19-andamento-comune-di-crispiano,A1_1,A,100.0
Comune di Crispiano,covid19-andamento-comune-di-crispiano,A1_2,A,100.0
Comune di Crispiano,covid19-andamento-comune-di-crispiano,A2,A,100.0
Comune di Crispiano,covid19-andamento-comune-di-crispiano,G_A,A,50.0
Comune di Crispiano,covid19-andamento-comune-di-crispiano,I1,I,93.75
Comune di Crispiano,covid19-andamento-comune-di-crispiano,I2,I,45.0
Comune di Crispiano,covid19-andamento-comune-di-crispiano,I3,I,31.25
Comune di Crispiano,covid19-andamento-comune-di-crispiano,G_I,I,100.0
Comune di Crispiano,covid19-andamento-comune-di-crispiano,R1_1,R,25.0
Comune di Crispiano,covid19-andamento-comune-di-crispiano,R1_2,R,0.0
Comune di Crispiano,covid19-andamento-comune-di-crispiano,R1_3,R,42.2222
Comune di Crispiano,covid19-andamento-comune-di-crispiano,G_R,R,50.0
Comune di Crispiano,dati-rifiuti-solidi-urbani-progressivo-per-anno-2018-per-il-comune-di-crispiano,F1,F,0.0
Comune di Crispiano,dati-rifiuti-solidi-urbani-progressivo-per-anno-2018-per-il-comune-di-crispiano,F2,F,54.069766998291016
Comune di Crispiano,dati-rifiuti-solidi-urbani-progressivo-per-anno-2018-per-il-comune-di-crispiano,F3,F,100.0
Comune di Crispiano,dati-rifiuti-solidi-urbani-progressivo-per-anno-2018-per-il-comune-di-crispiano,F4,F,0.0
Comune di Crispiano,dati-rifiuti-solidi-urbani-progressivo-per-anno-2018-per-il-comune-di-crispiano,G_F,F,55.74762011108398
Comune di Crispiano,dati-rifiuti-solidi-urbani-progressivo-per-anno-2018-per-il-comune-di-crispiano,A1,A,100.0
Comune di Crispiano,dati-rifiuti-solidi-urbani-progressivo-per-anno-2018-per-il-comune-di-crispiano,A1_1,A,100.0
Comune di Crispiano,dati-rifiuti-solidi-urbani-progressivo-per-anno-2018-per-il-comune-di-crispiano,A1_2,A,100.0
Comune di Crispiano,dati-rifiuti-solidi-urbani-progressivo-per-anno-2018-per-il-comune-di-crispiano,A2,A,100.0
Comune di Crispiano,dati-rifiuti-solidi-urbani-progressivo-per-anno-2018-per-il-comune-di-crispiano,G_A,A,50.0
Comune di Crispiano,dati-rifiuti-solidi-urbani-progressivo-per-anno-2018-per-il-comune-di-crispiano,I1,I,93.75
Comune di Crispiano,dati-rifiuti-solidi-urbani-progressivo-per-anno-2018-per-il-comune-di-crispiano,I2,I,45.0
Comune di Crispiano,dati-rifiuti-solidi-urbani-progressivo-per-anno-2018-per-il-comune-di-crispiano,I3,I,33.33335
Comune di Crispiano,dati-rifiuti-solidi-urbani-progressivo-per-anno-2018-per-il-comune-di-crispiano,G_I,I,100.0
Comune di Crispiano,dati-rifiuti-solidi-urbani-progressivo-per-anno-2018-per-il-comune-di-crispiano,R1_1,R,25.0
Comune di Crispiano,dati-rifiuti-solidi-urbani-progressivo-per-anno-2018-per-il-comune-di-crispiano,R1_2,R,0.0
Comune di Crispiano,dati-rifiuti-solidi-urbani-progressivo-per-anno-2018-per-il-comune-di-crispiano,R1_3,R,42.2222
Comune di Crispiano,dati-rifiuti-solidi-urbani-progressivo-per-anno-2018-per-il-comune-di-crispiano,G_R,R,50.0
Comune di Crispiano,dati-rifiuti-solidi-urbani-progressivo-per-anno-2019-per-il-comune-di-crispiano,F1,F,0.0
Comune di Crispiano,dati-rifiuti-solidi-urbani-progressivo-per-anno-2019-per-il-comune-di-crispiano,F2,F,54.069766998291016
Comune di Crispiano,dati-rifiuti-solidi-urbani-progressivo-per-anno-2019-per-il-comune-di-crispiano,F3,F,100.0
Comune di Crispiano,dati-rifiuti-solidi-urbani-progressivo-per-anno-2019-per-il-comune-di-crispiano,F4,F,0.0
Comune di Crispiano,dati-rifiuti-solidi-urbani-progressivo-per-anno-2019-per-il-comune-di-crispiano,G_F,F,55.02622011108399
Comune di Crispiano,dati-rifiuti-solidi-urbani-progressivo-per-anno-2019-per-il-comune-di-crispiano,A1,A,100.0
Comune di Crispiano,dati-rifiuti-solidi-urbani-progressivo-per-anno-2019-per-il-comune-di-crispiano,A1_1,A,100.0
Comune di Crispiano,dati-rifiuti-solidi-urbani-progressivo-per-anno-2019-per-il-comune-di-crispiano,A1_2,A,100.0
Comune di Crispiano,dati-rifiuti-solidi-urbani-progressivo-per-anno-2019-per-il-comune-di-crispiano,A2,A,100.0
Comune di Crispiano,dati-rifiuti-solidi-urbani-progressivo-per-anno-2019-per-il-comune-di-crispiano,G_A,A,50.0
Comune di Crispiano,dati-rifiuti-solidi-urbani-progressivo-per-anno-2019-per-il-comune-di-crispiano,I1,I,93.75
Comune di Crispiano,dati-rifiuti-solidi-urbani-progressivo-per-anno-2019-per-il-comune-di-crispiano,I2,I,45.0
Comune di Crispiano,dati-rifiuti-solidi-urbani-progressivo-per-anno-2019-per-il-comune-di-crispiano,I3,I,31.25
Comune di Crispiano,dati-rifiuti-solidi-urbani-progressivo-per-anno-2019-per-il-comune-di-crispiano,G_I,I,100.0
Comune di Crispiano,dati-rifiuti-solidi-urbani-progressivo-per-anno-2019-per-il-comune-di-crispiano,R1_1,R,25.0
Comune di Crispiano,dati-rifiuti-solidi-urbani-progressivo-per-anno-2019-per-il-comune-di-crispiano,R1_2,R,0.0
Comune di Crispiano,dati-rifiuti-solidi-urbani-progressivo-per-anno-2019-per-il-comune-di-crispiano,R1_3,R,42.2222
Comune di Crispiano,dati-rifiuti-solidi-urbani-progressivo-per-anno-2019-per-il-comune-di-crispiano,G_R,R,50.0
Comune di Crispiano,dati-rifiuti-solidi-urbani-progressivo-per-anno-2020-per-il-comune-di-crispiano,F1,F,0.0
Comune di Crispiano,dati-rifiuti-solidi-urbani-progressivo-per-anno-2020-per-il-comune-di-crispiano,F2,F,54.069766998291016
Comune di Crispiano,dati-rifiuti-solidi-urbani-progressivo-per-anno-2020-per-il-comune-di-crispiano,F3,F,100.0
Comune di Crispiano,dati-rifiuti-solidi-urbani-progressivo-per-anno-2020-per-il-comune-di-crispiano,F4,F,0.0
Comune di Crispiano,dati-rifiuti-solidi-urbani-progressivo-per-anno-2020-per-il-comune-di-crispiano,G_F,F,55.02622011108399
Comune di Crispiano,dati-rifiuti-solidi-urbani-progressivo-per-anno-2020-per-il-comune-di-crispiano,A1,A,100.0
Comune di Crispiano,dati-rifiuti-solidi-urbani-progressivo-per-anno-2020-per-il-comune-di-crispiano,A1_1,A,100.0
Comune di Crispiano,dati-rifiuti-solidi-urbani-progressivo-per-anno-2020-per-il-comune-di-crispiano,A1_2,A,100.0
Comune di Crispiano,dati-rifiuti-solidi-urbani-progressivo-per-anno-2020-per-il-comune-di-crispiano,A2,A,100.0
Comune di Crispiano,dati-rifiuti-solidi-urbani-progressivo-per-anno-2020-per-il-comune-di-crispiano,G_A,A,50.0
Comune di Crispiano,dati-rifiuti-solidi-urbani-progressivo-per-anno-2020-per-il-comune-di-crispiano,I1,I,93.75
Comune di Crispiano,dati-rifiuti-solidi-urbani-progressivo-per-anno-2020-per-il-comune-di-crispiano,I2,I,45.0
Comune di Crispiano,dati-rifiuti-solidi-urbani-progressivo-per-anno-2020-per-il-comune-di-crispiano,I3,I,33.33335
Comune di Crispiano,dati-rifiuti-solidi-urbani-progressivo-per-anno-2020-per-il-comune-di-crispiano,G_I,I,100.0
Comune di Crispiano,dati-rifiuti-solidi-urbani-progressivo-per-anno-2020-per-il-comune-di-crispiano,R1_1,R,25.0
Comune di Crispiano,dati-rifiuti-solidi-urbani-progressivo-per-anno-2020-per-il-comune-di-crispiano,R1_2,R,0.0
Comune di Crispiano,dati-rifiuti-solidi-urbani-progressivo-per-anno-2020-per-il-comune-di-crispiano,R1_3,R,42.2222
Comune di Crispiano,dati-rifiuti-solidi-urbani-progressivo-per-anno-2020-per-il-comune-di-crispiano,G_R,R,50.0
Comune di Crispiano,dati-rifiuti-solidi-urbani-progressivo-per-anno-2021-per-il-comune-di-crispiano,F1,F,0.0
Comune di Crispiano,dati-rifiuti-solidi-urbani-progressivo-per-anno-2021-per-il-comune-di-crispiano,F2,F,54.069766998291016
Comune di Crispiano,dati-rifiuti-solidi-urbani-progressivo-per-anno-2021-per-il-comune-di-crispiano,F3,F,100.0
Comune di Crispiano,dati-rifiuti-solidi-urbani-progressivo-per-anno-2021-per-il-comune-di-crispiano,F4,F,0.0
Comune di Crispiano,dati-rifiuti-solidi-urbani-progressivo-per-anno-2021-per-il-comune-di-crispiano,G_F,F,62.2222
Comune di Crispiano,dati-rifiuti-solidi-urbani-progressivo-per-anno-2021-per-il-comune-di-crispiano,A1,A,100.0
Comune di Crispiano,dati-rifiuti-solidi-urbani-progressivo-per-anno-2021-per-il-comune-di-crispiano,A1_1,A,100.0
Comune di Crispiano,dati-rifiuti-solidi-urbani-progressivo-per-anno-2021-per-il-comune-di-crispiano,A1_2,A,100.0
Comune di Crispiano,dati-rifiuti-solidi-urbani-progressivo-per-anno-2021-per-il-comune-di-crispiano,A2,A,100.0
Comune di Crispiano,dati-rifiuti-solidi-urbani-progressivo-per-anno-2021-per-il-comune-di-crispiano,G_A,A,50.0
Comune di Crispiano,dati-rifiuti-solidi-urbani-progressivo-per-anno-2021-per-il-comune-di-crispiano,I1,I,93.75
Comune di Crispiano,dati-rifiuti-solidi-urbani-progressivo-per-anno-2021-per-il-comune-di-crispiano,I2,I,45.0
Comune di Crispiano,dati-rifiuti-solidi-urbani-progressivo-per-anno-2021-per-il-comune-di-crispiano,I3,I,30.0
Comune di Crispiano,dati-rifiuti-solidi-urbani-progressivo-per-anno-2021-per-il-comune-di-crispiano,G_I,I,100.0
Comune di Crispiano,dati-rifiuti-solidi-urbani-progressivo-per-anno-2021-per-il-comune-di-crispiano,R1_1,R,25.0
Comune di Crispiano,dati-rifiuti-solidi-urbani-progressivo-per-anno-2021-per-il-comune-di-crispiano,R1_2,R,0.0
Comune di Crispiano,dati-rifiuti-solidi-urbani-progressivo-per-anno-2021-per-il-comune-di-crispiano,R1_3,R,42.2222
Comune di Crispiano,dati-rifiuti-solidi-urbani-progressivo-per-anno-2021-per-il-comune-di-crispiano,G_R,R,50.0
Comune di Crispiano,defibrillatori-presenti-nel-comune-di-crispiano,F1,F,0.0
Comune di Crispiano,defibrillatori-presenti-nel-comune-di-crispiano,F2,F,54.069766998291016
Comune di Crispiano,defibrillatori-presenti-nel-comune-di-crispiano,F3,F,100.0
Comune di Crispiano,defibrillatori-presenti-nel-comune-di-crispiano,F4,F,0.0
Comune di Crispiano,defibrillatori-presenti-nel-comune-di-crispiano,G_F,F,52.39907011108399
Comune di Crispiano,defibrillatori-presenti-nel-comune-di-crispiano,A1,A,100.0
Comune di Crispiano,defibrillatori-presenti-nel-comune-di-crispiano,A1_1,A,100.0
Comune di Crispiano,defibrillatori-presenti-nel-comune-di-crispiano,A1_2,A,100.0
Comune di Crispiano,defibrillatori-presenti-nel-comune-di-crispiano,A2,A,100.0
Comune di Crispiano,defibrillatori-presenti-nel-comune-di-crispiano,G_A,A,50.0
Comune di Crispiano,defibrillatori-presenti-nel-comune-di-crispiano,I1,I,89.58333333333334
Comune di Crispiano,defibrillatori-presenti-nel-comune-di-crispiano,I2,I,46.42855
Comune di Crispiano,defibrillatori-presenti-nel-comune-di-crispiano,I3,I,27.27275
Comune di Crispiano,defibrillatori-presenti-nel-comune-di-crispiano,G_I,I,100.0
Comune di Crispiano,defibrillatori-presenti-nel-comune-di-crispiano,R1_1,R,25.0
Comune di Crispiano,defibrillatori-presenti-nel-comune-di-crispiano,R1_2,R,0.0
Comune di Crispiano,defibrillatori-presenti-nel-comune-di-crispiano,R1_3,R,0.0
Comune di Crispiano,defibrillatori-presenti-nel-comune-di-crispiano,G_R,R,50.0
Comune di Crispiano,divario-digitale,F1,F,0.0
Comune di Crispiano,divario-digitale,F2,F,54.069766998291016
Comune di Crispiano,divario-digitale,F3,F,100.0
Comune di Crispiano,divario-digitale,F4,F,0.0
Comune di Crispiano,divario-digitale,G_F,F,54.64742011108398
Comune di Crispiano,divario-digitale,A1,A,100.0
Comune di Crispiano,divario-digitale,A1_1,A,100.0
Comune di Crispiano,divario-digitale,A1_2,A,100.0
Comune di Crispiano,divario-digitale,A2,A,100.0
Comune di Crispiano,divario-digitale,G_A,A,50.0
Comune di Crispiano,divario-digitale,I1,I,87.5
Comune di Crispiano,divario-digitale,I2,I,45.0
Comune di Crispiano,divario-digitale,I3,I,25.0
Comune di Crispiano,divario-digitale,G_I,I,100.0
Comune di Crispiano,divario-digitale,R1_1,R,25.0
Comune di Crispiano,divario-digitale,R1_2,R,0.0
Comune di Crispiano,divario-digitale,R1_3,R,44.69135
Comune di Crispiano,divario-digitale,G_R,R,50.0
Comune di Crispiano,dpc-aggregati-strutturali-comune-di-crispiano,F1,F,0.0
Comune di Crispiano,dpc-aggregati-strutturali-comune-di-crispiano,F2,F,54.069766998291016
Comune di Crispiano,dpc-aggregati-strutturali-comune-di-crispiano,F3,F,100.0
Comune di Crispiano,dpc-aggregati-strutturali-comune-di-crispiano,F4,F,0.0
Comune di Crispiano,dpc-aggregati-strutturali-comune-di-crispiano,G_F,F,69.011
Comune di Crispiano,dpc-aggregati-strutturali-comune-di-crispiano,A1,A,100.0
Comune di Crispiano,dpc-aggregati-strutturali-comune-di-crispiano,A1_1,A,100.0
Comune di Crispiano,dpc-aggregati-strutturali-comune-di-crispiano,A1_2,A,100.0
Comune di Crispiano,dpc-aggregati-strutturali-comune-di-crispiano,A2,A,100.0
Comune di Crispiano,dpc-aggregati-strutturali-comune-di-crispiano,G_A,A,50.0
Comune di Crispiano,dpc-aggregati-strutturali-comune-di-crispiano,I1,I,75.0
Comune di Crispiano,dpc-aggregati-strutturali-comune-di-crispiano,I2,I,45.0
Comune di Crispiano,dpc-aggregati-strutturali-comune-di-crispiano,I3,I,27.7778
Comune di Crispiano,dpc-aggregati-strutturali-comune-di-crispiano,G_I,I,100.0
Comune di Crispiano,dpc-aggregati-strutturali-comune-di-crispiano,R1_1,R,25.0
Comune di Crispiano,dpc-aggregati-strutturali-comune-di-crispiano,R1_2,R,0.0
Comune di Crispiano,dpc-aggregati-strutturali-comune-di-crispiano,R1_3,R,35.98765
Comune di Crispiano,dpc-aggregati-strutturali-comune-di-crispiano,G_R,R,50.0
Comune di Crispiano,elenco-determine-2023,F1,F,0.0
Comune di Crispiano,elenco-determine-2023,F2,F,54.069766998291016
Comune di Crispiano,elenco-determine-2023,F3,F,100.0
Comune di Crispiano,elenco-determine-2023,F4,F,0.0
Comune di Crispiano,elenco-determine-2023,G_F,F,55.206370111083984
Comune di Crispiano,elenco-determine-2023,A1,A,100.0
Comune di Crispiano,elenco-determine-2023,A1_1,A,100.0
Comune di Crispiano,elenco-determine-2023,A1_2,A,100.0
Comune di Crispiano,elenco-determine-2023,A2,A,100.0
Comune di Crispiano,elenco-determine-2023,G_A,A,50.0
Comune di Crispiano,elenco-determine-2023,I1,I,87.5
Comune di Crispiano,elenco-determine-2023,I2,I,45.0
Comune di Crispiano,elenco-determine-2023,I3,I,28.57145
Comune di Crispiano,elenco-determine-2023,G_I,I,100.0
Comune di Crispiano,elenco-determine-2023,R1_1,R,25.0
Comune di Crispiano,elenco-determine-2023,R1_2,R,0.0
Comune di Crispiano,elenco-determine-2023,R1_3,R,35.37035
Comune di Crispiano,elenco-determine-2023,G_R,R,50.0
Comune di Crispiano,elenco-strutture-ricettive-nel-comune-di-crispiano-ta-progressivo,F1,F,0.0
Comune di Crispiano,elenco-strutture-ricettive-nel-comune-di-crispiano-ta-progressivo,F2,F,54.069766998291016
Comune di Crispiano,elenco-strutture-ricettive-nel-comune-di-crispiano-ta-progressivo,F3,F,100.0
Comune di Crispiano,elenco-strutture-ricettive-nel-comune-di-crispiano-ta-progressivo,F4,F,0.0
Comune di Crispiano,elenco-strutture-ricettive-nel-comune-di-crispiano-ta-progressivo,G_F,F,48.23842011108398
Comune di Crispiano,elenco-strutture-ricettive-nel-comune-di-crispiano-ta-progressivo,A1,A,100.0
Comune di Crispiano,elenco-strutture-ricettive-nel-comune-di-crispiano-ta-progressivo,A1_1,A,100.0
Comune di Crispiano,elenco-strutture-ricettive-nel-comune-di-crispiano-ta-progressivo,A1_2,A,100.0
Comune di Crispiano,elenco-strutture-ricettive-nel-comune-di-crispiano-ta-progressivo,A2,A,100.0
Comune di Crispiano,elenco-strutture-ricettive-nel-comune-di-crispiano-ta-progressivo,G_A,A,50.0
Comune di Crispiano,elenco-strutture-ricettive-nel-comune-di-crispiano-ta-progressivo,I1,I,91.66666666666666
Comune di Crispiano,elenco-strutture-ricettive-nel-comune-di-crispiano-ta-progressivo,I2,I,48.076899999999995
Comune di Crispiano,elenco-strutture-ricettive-nel-comune-di-crispiano-ta-progressivo,I3,I,16.66665
Comune di Crispiano,elenco-strutture-ricettive-nel-comune-di-crispiano-ta-progressivo,G_I,I,100.0
Comune di Crispiano,elenco-strutture-ricettive-nel-comune-di-crispiano-ta-progressivo,R1_1,R,25.0
Comune di Crispiano,elenco-strutture-ricettive-nel-comune-di-crispiano-ta-progressivo,R1_2,R,0.0
Comune di Crispiano,elenco-strutture-ricettive-nel-comune-di-crispiano-ta-progressivo,R1_3,R,38.5185
Comune di Crispiano,elenco-strutture-ricettive-nel-comune-di-crispiano-ta-progressivo,G_R,R,50.0
Comune di Crispiano,evoluzione-del-risultato-di-amministrazione,F1,F,0.0
Comune di Crispiano,evoluzione-del-risultato-di-amministrazione,F2,F,54.069766998291016
Comune di Crispiano,evoluzione-del-risultato-di-amministrazione,F3,F,100.0
Comune di Crispiano,evoluzione-del-risultato-di-amministrazione,F4,F,0.0
Comune di Crispiano,evoluzione-del-risultato-di-amministrazione,G_F,F,58.70073505554199
Comune di Crispiano,evoluzione-del-risultato-di-amministrazione,A1,A,100.0
Comune di Crispiano,evoluzione-del-risultato-di-amministrazione,A1_1,A,100.0
Comune di Crispiano,evoluzione-del-risultato-di-amministrazione,A1_2,A,100.0
Comune di Crispiano,evoluzione-del-risultato-di-amministrazione,A2,A,100.0
Comune di Crispiano,evoluzione-del-risultato-di-amministrazione,G_A,A,41.66665
Comune di Crispiano,evoluzione-del-risultato-di-amministrazione,I1,I,87.5
Comune di Crispiano,evoluzione-del-risultato-di-amministrazione,I2,I,45.0
Comune di Crispiano,evoluzione-del-risultato-di-amministrazione,I3,I,28.57145
Comune di Crispiano,evoluzione-del-risultato-di-amministrazione,G_I,I,100.0
Comune di Crispiano,evoluzione-del-risultato-di-amministrazione,R1_1,R,25.0
Comune di Crispiano,evoluzione-del-risultato-di-amministrazione,R1_2,R,0.0
Comune di Crispiano,evoluzione-del-risultato-di-amministrazione,R1_3,R,25.4321
Comune di Crispiano,evoluzione-del-risultato-di-amministrazione,G_R,R,50.0
Comune di Crispiano,indice-tempestvita-pagamenti-periodo-2018-2022,F1,F,0.0
Comune di Crispiano,indice-tempestvita-pagamenti-periodo-2018-2022,F2,F,54.069766998291016
Comune di Crispiano,indice-tempestvita-pagamenti-periodo-2018-2022,F3,F,100.0
Comune di Crispiano,indice-tempestvita-pagamenti-periodo-2018-2022,F4,F,0.0
Comune di Crispiano,indice-tempestvita-pagamenti-periodo-2018-2022,G_F,F,55.033220111083985
Comune di Crispiano,indice-tempestvita-pagamenti-periodo-2018-2022,A1,A,100.0
Comune di Crispiano,indice-tempestvita-pagamenti-periodo-2018-2022,A1_1,A,100.0
Comune di Crispiano,indice-tempestvita-pagamenti-periodo-2018-2022,A1_2,A,100.0
Comune di Crispiano,indice-tempestvita-pagamenti-periodo-2018-2022,A2,A,100.0
Comune di Crispiano,indice-tempestvita-pagamenti-periodo-2018-2022,G_A,A,50.0
Comune di Crispiano,indice-tempestvita-pagamenti-periodo-2018-2022,I1,I,87.5
Comune di Crispiano,indice-tempestvita-pagamenti-periodo-2018-2022,I2,I,45.0
Comune di Crispiano,indice-tempestvita-pagamenti-periodo-2018-2022,I3,I,28.57145
Comune di Crispiano,indice-tempestvita-pagamenti-periodo-2018-2022,G_I,I,100.0
Comune di Crispiano,indice-tempestvita-pagamenti-periodo-2018-2022,R1_1,R,25.0
Comune di Crispiano,indice-tempestvita-pagamenti-periodo-2018-2022,R1_2,R,0.0
Comune di Crispiano,indice-tempestvita-pagamenti-periodo-2018-2022,R1_3,R,35.37035
Comune di Crispiano,indice-tempestvita-pagamenti-periodo-2018-2022,G_R,R,50.0
Comune di Crispiano,luoghi-di-interesse-turistico-culturale-naturalistico-comune-di-crispiano,F1,F,0.0
Comune di Crispiano,luoghi-di-interesse-turistico-culturale-naturalistico-comune-di-crispiano,F2,F,54.069766998291016
Comune di Crispiano,luoghi-di-interesse-turistico-culturale-naturalistico-comune-di-crispiano,F3,F,100.0
Comune di Crispiano,luoghi-di-interesse-turistico-culturale-naturalistico-comune-di-crispiano,F4,F,0.0
Comune di Crispiano,luoghi-di-interesse-turistico-culturale-naturalistico-comune-di-crispiano,G_F,F,54.04557011108398
Comune di Crispiano,luoghi-di-interesse-turistico-culturale-naturalistico-comune-di-crispiano,A1,A,100.0
Comune di Crispiano,luoghi-di-interesse-turistico-culturale-naturalistico-comune-di-crispiano,A1_1,A,100.0
Comune di Crispiano,luoghi-di-interesse-turistico-culturale-naturalistico-comune-di-crispiano,A1_2,A,100.0
Comune di Crispiano,luoghi-di-interesse-turistico-culturale-naturalistico-comune-di-crispiano,A2,A,100.0
Comune di Crispiano,luoghi-di-interesse-turistico-culturale-naturalistico-comune-di-crispiano,G_A,A,50.0
Comune di Crispiano,luoghi-di-interesse-turistico-culturale-naturalistico-comune-di-crispiano,I1,I,89.58333333333334
Comune di Crispiano,luoghi-di-interesse-turistico-culturale-naturalistico-comune-di-crispiano,I2,I,46.42855
Comune di Crispiano,luoghi-di-interesse-turistico-culturale-naturalistico-comune-di-crispiano,I3,I,31.8182
Comune di Crispiano,luoghi-di-interesse-turistico-culturale-naturalistico-comune-di-crispiano,G_I,I,100.0
Comune di Crispiano,luoghi-di-interesse-turistico-culturale-naturalistico-comune-di-crispiano,R1_1,R,25.0
Comune di Crispiano,luoghi-di-interesse-turistico-culturale-naturalistico-comune-di-crispiano,R1_2,R,0.0
Comune di Crispiano,luoghi-di-interesse-turistico-culturale-naturalistico-comune-di-crispiano,R1_3,R,42.2222
Comune di Crispiano,luoghi-di-interesse-turistico-culturale-naturalistico-comune-di-crispiano,G_R,R,50.0
Comune di Crispiano,masserie-comune-di-crispiano,F1,F,0.0
Comune di Crispiano,masserie-comune-di-crispiano,F2,F,54.069766998291016
Comune di Crispiano,masserie-comune-di-crispiano,F3,F,100.0
Comune di Crispiano,masserie-comune-di-crispiano,F4,F,0.0
Comune di Crispiano,masserie-comune-di-crispiano,G_F,F,52.88462011108398
Comune di Crispiano,masserie-comune-di-crispiano,A1,A,100.0
Comune di Crispiano,masserie-comune-di-crispiano,A1_1,A,100.0
Comune di Crispiano,masserie-comune-di-crispiano,A1_2,A,100.0
Comune di Crispiano,masserie-comune-di-crispiano,A2,A,100.0
Comune di Crispiano,masserie-comune-di-crispiano,G_A,A,50.0
Comune di Crispiano,masserie-comune-di-crispiano,I1,I,89.58333333333334
Comune di Crispiano,masserie-comune-di-crispiano,I2,I,46.42855
Comune di Crispiano,masserie-comune-di-crispiano,I3,I,27.27275
Comune di Crispiano,masserie-comune-di-crispiano,G_I,I,100.0
Comune di Crispiano,masserie-comune-di-crispiano,R1_1,R,25.0
Comune di Crispiano,masserie-comune-di-crispiano,R1_2,R,0.0
Comune di Crispiano,masserie-comune-di-crispiano,R1_3,R,42.2222
Comune di Crispiano,masserie-comune-di-crispiano,G_R,R,50.0
Comune di Crispiano,nascite-anno-2022,F1,F,0.0
Comune di Crispiano,nascite-anno-2022,F2,F,54.069766998291016
Comune di Crispiano,nascite-anno-2022,F3,F,100.0
Comune di Crispiano,nascite-anno-2022,F4,F,0.0
Comune di Crispiano,nascite-anno-2022,G_F,F,50.659320111083986
Comune di Crispiano,nascite-anno-2022,A1,A,100.0
Comune di Crispiano,nascite-anno-2022,A1_1,A,100.0
Comune di Crispiano,nascite-anno-2022,A1_2,A,100.0
Comune di Crispiano,nascite-anno-2022,A2,A,100.0
Comune di Crispiano,nascite-anno-2022,G_A,A,50.0
Comune di Crispiano,nascite-anno-2022,I1,I,87.5
Comune di Crispiano,nascite-anno-2022,I2,I,47.2222
Comune di Crispiano,nascite-anno-2022,I3,I,22.72725
Comune di Crispiano,nascite-anno-2022,G_I,I,100.0
Comune di Crispiano,nascite-anno-2022,R1_1,R,25.0
Comune di Crispiano,nascite-anno-2022,R1_2,R,0.0
Comune di Crispiano,nascite-anno-2022,R1_3,R,35.37035
Comune di Crispiano,nascite-anno-2022,G_R,R,50.0
Comune di Crispiano,openpnrr-comune-di-crispiano-ta,F1,F,0.0
Comune di Crispiano,openpnrr-comune-di-crispiano-ta,F2,F,54.069766998291016
Comune di Crispiano,openpnrr-comune-di-crispiano-ta,F3,F,100.0
Comune di Crispiano,openpnrr-comune-di-crispiano-ta,F4,F,0.0
Comune di Crispiano,openpnrr-comune-di-crispiano-ta,G_F,F,55.439546740722655
Comune di Crispiano,openpnrr-comune-di-crispiano-ta,A1,A,100.0
Comune di Crispiano,openpnrr-comune-di-crispiano-ta,A1_1,A,100.0
Comune di Crispiano,openpnrr-comune-di-crispiano-ta,A1_2,A,100.0
Comune di Crispiano,openpnrr-comune-di-crispiano-ta,A2,A,100.0
Comune di Crispiano,openpnrr-comune-di-crispiano-ta,G_A,A,50.0
Comune di Crispiano,openpnrr-comune-di-crispiano-ta,I1,I,87.5
Comune di Crispiano,openpnrr-comune-di-crispiano-ta,I2,I,46.42855
Comune di Crispiano,openpnrr-comune-di-crispiano-ta,I3,I,27.27275
Comune di Crispiano,openpnrr-comune-di-crispiano-ta,G_I,I,100.0
Comune di Crispiano,openpnrr-comune-di-crispiano-ta,R1_1,R,25.0
Comune di Crispiano,openpnrr-comune-di-crispiano-ta,R1_2,R,0.0
Comune di Crispiano,openpnrr-comune-di-crispiano-ta,R1_3,R,42.2222
Comune di Crispiano,openpnrr-comune-di-crispiano-ta,G_R,R,50.0
Comune di Crispiano,popolazione-scolastica-a-s-2023-2024,F1,F,0.0
Comune di Crispiano,popolazione-scolastica-a-s-2023-2024,F2,F,54.069766998291016
Comune di Crispiano,popolazione-scolastica-a-s-2023-2024,F3,F,100.0
Comune di Crispiano,popolazione-scolastica-a-s-2023-2024,F4,F,0.0
Comune di Crispiano,popolazione-scolastica-a-s-2023-2024,G_F,F,53.63442011108398
Comune di Crispiano,popolazione-scolastica-a-s-2023-2024,A1,A,100.0
Comune di Crispiano,popolazione-scolastica-a-s-2023-2024,A1_1,A,100.0
Comune di Crispiano,popolazione-scolastica-a-s-2023-2024,A1_2,A,100.0
Comune di Crispiano,popolazione-scolastica-a-s-2023-2024,A2,A,100.0
Comune di Crispiano,popolazione-scolastica-a-s-2023-2024,G_A,A,50.0
Comune di Crispiano,popolazione-scolastica-a-s-2023-2024,I1,I,85.41666666666666
Comune di Crispiano,popolazione-scolastica-a-s-2023-2024,I2,I,46.42855
Comune di Crispiano,popolazione-scolastica-a-s-2023-2024,I3,I,22.2222
Comune di Crispiano,popolazione-scolastica-a-s-2023-2024,G_I,I,100.0
Comune di Crispiano,popolazione-scolastica-a-s-2023-2024,R1_1,R,25.0
Comune di Crispiano,popolazione-scolastica-a-s-2023-2024,R1_2,R,0.0
Comune di Crispiano,popolazione-scolastica-a-s-2023-2024,R1_3,R,39.07405
Comune di Crispiano,popolazione-scolastica-a-s-2023-2024,G_R,R,50.0
Comune di Crispiano,reti-dei-comuni-sostenibili-bes-agenda2030,F1,F,0.0
Comune di Crispiano,reti-dei-comuni-sostenibili-bes-agenda2030,F2,F,54.069766998291016
Comune di Crispiano,reti-dei-comuni-sostenibili-bes-agenda2030,F3,F,100.0
Comune di Crispiano,reti-dei-comuni-sostenibili-bes-agenda2030,F4,F,0.0
Comune di Crispiano,reti-dei-comuni-sostenibili-bes-agenda2030,G_F,F,51.911430074055986
Comune di Crispiano,reti-dei-comuni-sostenibili-bes-agenda2030,A1,A,100.0
Comune di Crispiano,reti-dei-comuni-sostenibili-bes-agenda2030,A1_1,A,100.0
Comune di Crispiano,reti-dei-comuni-sostenibili-bes-agenda2030,A1_2,A,100.0
Comune di Crispiano,reti-dei-comuni-sostenibili-bes-agenda2030,A2,A,100.0
Comune di Crispiano,reti-dei-comuni-sostenibili-bes-agenda2030,G_A,A,58.333333333333336
Comune di Crispiano,reti-dei-comuni-sostenibili-bes-agenda2030,I1,I,93.75
Comune di Crispiano,reti-dei-comuni-sostenibili-bes-agenda2030,I2,I,48.076899999999995
Comune di Crispiano,reti-dei-comuni-sostenibili-bes-agenda2030,I3,I,15.625
Comune di Crispiano,reti-dei-comuni-sostenibili-bes-agenda2030,G_I,I,100.0
Comune di Crispiano,reti-dei-comuni-sostenibili-bes-agenda2030,R1_1,R,25.0
Comune di Crispiano,reti-dei-comuni-sostenibili-bes-agenda2030,R1_2,R,0.0
Comune di Crispiano,reti-dei-comuni-sostenibili-bes-agenda2030,R1_3,R,0.0
Comune di Crispiano,reti-dei-comuni-sostenibili-bes-agenda2030,G_R,R,50.0
Comune di Crispiano,trasporto-assistito-utenti-con-disabilita-2022,F1,F,0.0
Comune di Crispiano,trasporto-assistito-utenti-con-disabilita-2022,F2,F,54.069766998291016
Comune di Crispiano,trasporto-assistito-utenti-con-disabilita-2022,F3,F,100.0
Comune di Crispiano,trasporto-assistito-utenti-con-disabilita-2022,F4,F,0.0
Comune di Crispiano,trasporto-assistito-utenti-con-disabilita-2022,G_F,F,51.29597011108398
Comune di Crispiano,trasporto-assistito-utenti-con-disabilita-2022,A1,A,100.0
Comune di Crispiano,trasporto-assistito-utenti-con-disabilita-2022,A1_1,A,100.0
Comune di Crispiano,trasporto-assistito-utenti-con-disabilita-2022,A1_2,A,100.0
Comune di Crispiano,trasporto-assistito-utenti-con-disabilita-2022,A2,A,100.0
Comune di Crispiano,trasporto-assistito-utenti-con-disabilita-2022,G_A,A,50.0
Comune di Crispiano,trasporto-assistito-utenti-con-disabilita-2022,I1,I,85.41666666666666
Comune di Crispiano,trasporto-assistito-utenti-con-disabilita-2022,I2,I,46.42855
Comune di Crispiano,trasporto-assistito-utenti-con-disabilita-2022,I3,I,18.75
Comune di Crispiano,trasporto-assistito-utenti-con-disabilita-2022,G_I,I,100.0
Comune di Crispiano,trasporto-assistito-utenti-con-disabilita-2022,R1_1,R,25.0
Comune di Crispiano,trasporto-assistito-utenti-con-disabilita-2022,R1_2,R,0.0
Comune di Crispiano,trasporto-assistito-utenti-con-disabilita-2022,R1_3,R,38.5185
Comune di Crispiano,trasporto-assistito-utenti-con-disabilita-2022,G_R,R,50.0
Comune di Massafra,0ff98967-2269-48fd-8879-8b14e34222dc,F1,F,0.0
Comune di Massafra,0ff98967-2269-48fd-8879-8b14e34222dc,F2,F,51.726016998291016
Comune di Massafra,0ff98967-2269-48fd-8879-8b14e34222dc,F3,F,100.0
Comune di Massafra,0ff98967-2269-48fd-8879-8b14e34222dc,F4,F,0.0
Comune di Massafra,0ff98967-2269-48fd-8879-8b14e34222dc,G_F,F,79.57315
Comune di Massafra,0ff98967-2269-48fd-8879-8b14e34222dc,A1,A,100.0
Comune di Massafra,0ff98967-2269-48fd-8879-8b14e34222dc,A1_1,A,100.0
Comune di Massafra,0ff98967-2269-48fd-8879-8b14e34222dc,A1_2,A,100.0
Comune di Massafra,0ff98967-2269-48fd-8879-8b14e34222dc,A2,A,100.0
Comune di Massafra,0ff98967-2269-48fd-8879-8b14e34222dc,G_A,A,100.0
Comune di Massafra,0ff98967-2269-48fd-8879-8b14e34222dc,I1,I,93.75
Comune di Massafra,0ff98967-2269-48fd-8879-8b14e34222dc,I2,I,29.16666603088379
Comune di Massafra,0ff98967-2269-48fd-8879-8b14e34222dc,I3,I,18.75
Comune di Massafra,0ff98967-2269-48fd-8879-8b14e34222dc,G_I,I,50.0
Comune di Massafra,0ff98967-2269-48fd-8879-8b14e34222dc,R1_1,R,25.0
Comune di Massafra,0ff98967-2269-48fd-8879-8b14e34222dc,R1_2,R,0.0
Comune di Massafra,0ff98967-2269-48fd-8879-8b14e34222dc,R1_3,R,39.7531
Comune di Massafra,0ff98967-2269-48fd-8879-8b14e34222dc,G_R,R,50.0
Comune di Massafra,4a5b75e1-9aa5-4d7e-9567-dbd3df4cb01a,F1,F,0.0
Comune di Massafra,4a5b75e1-9aa5-4d7e-9567-dbd3df4cb01a,F2,F,51.726016998291016
Comune di Massafra,4a5b75e1-9aa5-4d7e-9567-dbd3df4cb01a,F3,F,100.0
Comune di Massafra,4a5b75e1-9aa5-4d7e-9567-dbd3df4cb01a,F4,F,0.0
Comune di Massafra,4a5b75e1-9aa5-4d7e-9567-dbd3df4cb01a,G_F,F,79.57315
Comune di Massafra,4a5b75e1-9aa5-4d7e-9567-dbd3df4cb01a,A1,A,100.0
Comune di Massafra,4a5b75e1-9aa5-4d7e-9567-dbd3df4cb01a,A1_1,A,100.0
Comune di Massafra,4a5b75e1-9aa5-4d7e-9567-dbd3df4cb01a,A1_2,A,100.0
Comune di Massafra,4a5b75e1-9aa5-4d7e-9567-dbd3df4cb01a,A2,A,100.0
Comune di Massafra,4a5b75e1-9aa5-4d7e-9567-dbd3df4cb01a,G_A,A,100.0
Comune di Massafra,4a5b75e1-9aa5-4d7e-9567-dbd3df4cb01a,I1,I,93.75
Comune di Massafra,4a5b75e1-9aa5-4d7e-9567-dbd3df4cb01a,I2,I,29.16666603088379
Comune di Massafra,4a5b75e1-9aa5-4d7e-9567-dbd3df4cb01a,I3,I,18.75
Comune di Massafra,4a5b75e1-9aa5-4d7e-9567-dbd3df4cb01a,G_I,I,50.0
Comune di Massafra,4a5b75e1-9aa5-4d7e-9567-dbd3df4cb01a,R1_1,R,25.0
Comune di Massafra,4a5b75e1-9aa5-4d7e-9567-dbd3df4cb01a,R1_2,R,0.0
Comune di Massafra,4a5b75e1-9aa5-4d7e-9567-dbd3df4cb01a,R1_3,R,39.7531
Comune di Massafra,4a5b75e1-9aa5-4d7e-9567-dbd3df4cb01a,G_R,R,50.0
Comune di Massafra,4e2ab409-3f05-43c3-86b9-8e7d6165b210,F1,F,0.0
Comune di Massafra,4e2ab409-3f05-43c3-86b9-8e7d6165b210,F2,F,51.726016998291016
Comune di Massafra,4e2ab409-3f05-43c3-86b9-8e7d6165b210,F3,F,100.0
Comune di Massafra,4e2ab409-3f05-43c3-86b9-8e7d6165b210,F4,F,0.0
Comune di Massafra,4e2ab409-3f05-43c3-86b9-8e7d6165b210,G_F,F,79.57315
Comune di Massafra,4e2ab409-3f05-43c3-86b9-8e7d6165b210,A1,A,100.0
Comune di Massafra,4e2ab409-3f05-43c3-86b9-8e7d6165b210,A1_1,A,100.0
Comune di Massafra,4e2ab409-3f05-43c3-86b9-8e7d6165b210,A1_2,A,100.0
Comune di Massafra,4e2ab409-3f05-43c3-86b9-8e7d6165b210,A2,A,100.0
Comune di Massafra,4e2ab409-3f05-43c3-86b9-8e7d6165b210,G_A,A,100.0
Comune di Massafra,4e2ab409-3f05-43c3-86b9-8e7d6165b210,I1,I,93.75
Comune di Massafra,4e2ab409-3f05-43c3-86b9-8e7d6165b210,I2,I,29.16666603088379
Comune di Massafra,4e2ab409-3f05-43c3-86b9-8e7d6165b210,I3,I,18.75
Comune di Massafra,4e2ab409-3f05-43c3-86b9-8e7d6165b210,G_I,I,50.0
Comune di Massafra,4e2ab409-3f05-43c3-86b9-8e7d6165b210,R1_1,R,25.0
Comune di Massafra,4e2ab409-3f05-43c3-86b9-8e7d6165b210,R1_2,R,0.0
Comune di Massafra,4e2ab409-3f05-43c3-86b9-8e7d6165b210,R1_3,R,39.7531
Comune di Massafra,4e2ab409-3f05-43c3-86b9-8e7d6165b210,G_R,R,50.0
Comune di Massafra,50e9408e-0108-4143-bb1b-bb99b285cfe0,F1,F,0.0
Comune di Massafra,50e9408e-0108-4143-bb1b-bb99b285cfe0,F2,F,51.726016998291016
Comune di Massafra,50e9408e-0108-4143-bb1b-bb99b285cfe0,F3,F,100.0
Comune di Massafra,50e9408e-0108-4143-bb1b-bb99b285cfe0,F4,F,0.0
Comune di Massafra,50e9408e-0108-4143-bb1b-bb99b285cfe0,G_F,F,79.57315
Comune di Massafra,50e9408e-0108-4143-bb1b-bb99b285cfe0,A1,A,100.0
Comune di Massafra,50e9408e-0108-4143-bb1b-bb99b285cfe0,A1_1,A,100.0
Comune di Massafra,50e9408e-0108-4143-bb1b-bb99b285cfe0,A1_2,A,100.0
Comune di Massafra,50e9408e-0108-4143-bb1b-bb99b285cfe0,A2,A,100.0
Comune di Massafra,50e9408e-0108-4143-bb1b-bb99b285cfe0,G_A,A,100.0
Comune di Massafra,50e9408e-0108-4143-bb1b-bb99b285cfe0,I1,I,93.75
Comune di Massafra,50e9408e-0108-4143-bb1b-bb99b285cfe0,I2,I,29.16666603088379
Comune di Massafra,50e9408e-0108-4143-bb1b-bb99b285cfe0,I3,I,18.75
Comune di Massafra,50e9408e-0108-4143-bb1b-bb99b285cfe0,G_I,I,50.0
Comune di Massafra,50e9408e-0108-4143-bb1b-bb99b285cfe0,R1_1,R,25.0
Comune di Massafra,50e9408e-0108-4143-bb1b-bb99b285cfe0,R1_2,R,0.0
Comune di Massafra,50e9408e-0108-4143-bb1b-bb99b285cfe0,R1_3,R,39.7531
Comune di Massafra,50e9408e-0108-4143-bb1b-bb99b285cfe0,G_R,R,50.0
Comune di Massafra,51d8bde0-78de-4e0c-80ec-f42136fac873,F1,F,0.0
Comune di Massafra,51d8bde0-78de-4e0c-80ec-f42136fac873,F2,F,51.726016998291016
Comune di Massafra,51d8bde0-78de-4e0c-80ec-f42136fac873,F3,F,100.0
Comune di Massafra,51d8bde0-78de-4e0c-80ec-f42136fac873,F4,F,0.0
Comune di Massafra,51d8bde0-78de-4e0c-80ec-f42136fac873,G_F,F,79.57315
Comune di Massafra,51d8bde0-78de-4e0c-80ec-f42136fac873,A1,A,100.0
Comune di Massafra,51d8bde0-78de-4e0c-80ec-f42136fac873,A1_1,A,100.0
Comune di Massafra,51d8bde0-78de-4e0c-80ec-f42136fac873,A1_2,A,100.0
Comune di Massafra,51d8bde0-78de-4e0c-80ec-f42136fac873,A2,A,100.0
Comune di Massafra,51d8bde0-78de-4e0c-80ec-f42136fac873,G_A,A,100.0
Comune di Massafra,51d8bde0-78de-4e0c-80ec-f42136fac873,I1,I,93.75
Comune di Massafra,51d8bde0-78de-4e0c-80ec-f42136fac873,I2,I,29.16666603088379
Comune di Massafra,51d8bde0-78de-4e0c-80ec-f42136fac873,I3,I,18.75
Comune di Massafra,51d8bde0-78de-4e0c-80ec-f42136fac873,G_I,I,50.0
Comune di Massafra,51d8bde0-78de-4e0c-80ec-f42136fac873,R1_1,R,25.0
Comune di Massafra,51d8bde0-78de-4e0c-80ec-f42136fac873,R1_2,R,0.0
Comune di Massafra,51d8bde0-78de-4e0c-80ec-f42136fac873,R1_3,R,39.7531
Comune di Massafra,51d8bde0-78de-4e0c-80ec-f42136fac873,G_R,R,50.0
Comune di Massafra,645f8655-cbc9-43de-91be-62319e25d94c,F1,F,0.0
Comune di Massafra,645f8655-cbc9-43de-91be-62319e25d94c,F2,F,51.726016998291016
Comune di Massafra,645f8655-cbc9-43de-91be-62319e25d94c,F3,F,100.0
Comune di Massafra,645f8655-cbc9-43de-91be-62319e25d94c,F4,F,0.0
Comune di Massafra,645f8655-cbc9-43de-91be-62319e25d94c,G_F,F,79.57315
Comune di Massafra,645f8655-cbc9-43de-91be-62319e25d94c,A1,A,100.0
Comune di Massafra,645f8655-cbc9-43de-91be-62319e25d94c,A1_1,A,100.0
Comune di Massafra,645f8655-cbc9-43de-91be-62319e25d94c,A1_2,A,100.0
Comune di Massafra,645f8655-cbc9-43de-91be-62319e25d94c,A2,A,100.0
Comune di Massafra,645f8655-cbc9-43de-91be-62319e25d94c,G_A,A,100.0
Comune di Massafra,645f8655-cbc9-43de-91be-62319e25d94c,I1,I,93.75
Comune di Massafra,645f8655-cbc9-43de-91be-62319e25d94c,I2,I,29.16666603088379
Comune di Massafra,645f8655-cbc9-43de-91be-62319e25d94c,I3,I,18.75
Comune di Massafra,645f8655-cbc9-43de-91be-62319e25d94c,G_I,I,50.0
Comune di Massafra,645f8655-cbc9-43de-91be-62319e25d94c,R1_1,R,25.0
Comune di Massafra,645f8655-cbc9-43de-91be-62319e25d94c,R1_2,R,0.0
Comune di Massafra,645f8655-cbc9-43de-91be-62319e25d94c,R1_3,R,39.7531
Comune di Massafra,645f8655-cbc9-43de-91be-62319e25d94c,G_R,R,50.0
Comune di Massafra,7d8faa38-775e-4c62-8fa0-e33b1d0b32c3,F1,F,0.0
Comune di Massafra,7d8faa38-775e-4c62-8fa0-e33b1d0b32c3,F2,F,51.726016998291016
Comune di Massafra,7d8faa38-775e-4c62-8fa0-e33b1d0b32c3,F3,F,100.0
Comune di Massafra,7d8faa38-775e-4c62-8fa0-e33b1d0b32c3,F4,F,0.0
Comune di Massafra,7d8faa38-775e-4c62-8fa0-e33b1d0b32c3,G_F,F,79.57315
Comune di Massafra,7d8faa38-775e-4c62-8fa0-e33b1d0b32c3,A1,A,100.0
Comune di Massafra,7d8faa38-775e-4c62-8fa0-e33b1d0b32c3,A1_1,A,100.0
Comune di Massafra,7d8faa38-775e-4c62-8fa0-e33b1d0b32c3,A1_2,A,100.0
Comune di Massafra,7d8faa38-775e-4c62-8fa0-e33b1d0b32c3,A2,A,100.0
Comune di Massafra,7d8faa38-775e-4c62-8fa0-e33b1d0b32c3,G_A,A,100.0
Comune di Massafra,7d8faa38-775e-4c62-8fa0-e33b1d0b32c3,I1,I,93.75
Comune di Massafra,7d8faa38-775e-4c62-8fa0-e33b1d0b32c3,I2,I,29.16666603088379
Comune di Massafra,7d8faa38-775e-4c62-8fa0-e33b1d0b32c3,I3,I,18.75
Comune di Massafra,7d8faa38-775e-4c62-8fa0-e33b1d0b32c3,G_I,I,50.0
Comune di Massafra,7d8faa38-775e-4c62-8fa0-e33b1d0b32c3,R1_1,R,25.0
Comune di Massafra,7d8faa38-775e-4c62-8fa0-e33b1d0b32c3,R1_2,R,0.0
Comune di Massafra,7d8faa38-775e-4c62-8fa0-e33b1d0b32c3,R1_3,R,39.7531
Comune di Massafra,7d8faa38-775e-4c62-8fa0-e33b1d0b32c3,G_R,R,50.0
Comune di Massafra,96c94395-ff50-4a30-aed7-5405956c794b,F1,F,0.0
Comune di Massafra,96c94395-ff50-4a30-aed7-5405956c794b,F2,F,51.726016998291016
Comune di Massafra,96c94395-ff50-4a30-aed7-5405956c794b,F3,F,100.0
Comune di Massafra,96c94395-ff50-4a30-aed7-5405956c794b,F4,F,0.0
Comune di Massafra,96c94395-ff50-4a30-aed7-5405956c794b,G_F,F,79.57315
Comune di Massafra,96c94395-ff50-4a30-aed7-5405956c794b,A1,A,100.0
Comune di Massafra,96c94395-ff50-4a30-aed7-5405956c794b,A1_1,A,100.0
Comune di Massafra,96c94395-ff50-4a30-aed7-5405956c794b,A1_2,A,100.0
Comune di Massafra,96c94395-ff50-4a30-aed7-5405956c794b,A2,A,100.0
Comune di Massafra,96c94395-ff50-4a30-aed7-5405956c794b,G_A,A,100.0
Comune di Massafra,96c94395-ff50-4a30-aed7-5405956c794b,I1,I,93.75
Comune di Massafra,96c94395-ff50-4a30-aed7-5405956c794b,I2,I,29.16666603088379
Comune di Massafra,96c94395-ff50-4a30-aed7-5405956c794b,I3,I,18.75
Comune di Massafra,96c94395-ff50-4a30-aed7-5405956c794b,G_I,I,50.0
Comune di Massafra,96c94395-ff50-4a30-aed7-5405956c794b,R1_1,R,25.0
Comune di Massafra,96c94395-ff50-4a30-aed7-5405956c794b,R1_2,R,0.0
Comune di Massafra,96c94395-ff50-4a30-aed7-5405956c794b,R1_3,R,39.7531
Comune di Massafra,96c94395-ff50-4a30-aed7-5405956c794b,G_R,R,50.0
Comune di Massafra,99a6cae5-f88e-4b6d-be7b-8a6f22ac232f,F1,F,0.0
Comune di Massafra,99a6cae5-f88e-4b6d-be7b-8a6f22ac232f,F2,F,51.726016998291016
Comune di Massafra,99a6cae5-f88e-4b6d-be7b-8a6f22ac232f,F3,F,100.0
Comune di Massafra,99a6cae5-f88e-4b6d-be7b-8a6f22ac232f,F4,F,0.0
Comune di Massafra,99a6cae5-f88e-4b6d-be7b-8a6f22ac232f,G_F,F,79.57315
Comune di Massafra,99a6cae5-f88e-4b6d-be7b-8a6f22ac232f,A1,A,100.0
Comune di Massafra,99a6cae5-f88e-4b6d-be7b-8a6f22ac232f,A1_1,A,100.0
Comune di Massafra,99a6cae5-f88e-4b6d-be7b-8a6f22ac232f,A1_2,A,100.0
Comune di Massafra,99a6cae5-f88e-4b6d-be7b-8a6f22ac232f,A2,A,100.0
Comune di Massafra,99a6cae5-f88e-4b6d-be7b-8a6f22ac232f,G_A,A,100.0
Comune di Massafra,99a6cae5-f88e-4b6d-be7b-8a6f22ac232f,I1,I,93.75
Comune di Massafra,99a6cae5-f88e-4b6d-be7b-8a6f22ac232f,I2,I,29.16666603088379
Comune di Massafra,99a6cae5-f88e-4b6d-be7b-8a6f22ac232f,I3,I,18.75
Comune di Massafra,99a6cae5-f88e-4b6d-be7b-8a6f22ac232f,G_I,I,50.0
Comune di Massafra,99a6cae5-f88e-4b6d-be7b-8a6f22ac232f,R1_1,R,25.0
Comune di Massafra,99a6cae5-f88e-4b6d-be7b-8a6f22ac232f,R1_2,R,0.0
Comune di Massafra,99a6cae5-f88e-4b6d-be7b-8a6f22ac232f,R1_3,R,39.7531
Comune di Massafra,99a6cae5-f88e-4b6d-be7b-8a6f22ac232f,G_R,R,50.0
Comune di Massafra,9b808835-eac7-46e5-af50-ab4e8c33fca4,F1,F,0.0
Comune di Massafra,9b808835-eac7-46e5-af50-ab4e8c33fca4,F2,F,51.726016998291016
Comune di Massafra,9b808835-eac7-46e5-af50-ab4e8c33fca4,F3,F,100.0
Comune di Massafra,9b808835-eac7-46e5-af50-ab4e8c33fca4,F4,F,0.0
Comune di Massafra,9b808835-eac7-46e5-af50-ab4e8c33fca4,G_F,F,79.57315
Comune di Massafra,9b808835-eac7-46e5-af50-ab4e8c33fca4,A1,A,100.0
Comune di Massafra,9b808835-eac7-46e5-af50-ab4e8c33fca4,A1_1,A,100.0
Comune di Massafra,9b808835-eac7-46e5-af50-ab4e8c33fca4,A1_2,A,100.0
Comune di Massafra,9b808835-eac7-46e5-af50-ab4e8c33fca4,A2,A,100.0
Comune di Massafra,9b808835-eac7-46e5-af50-ab4e8c33fca4,G_A,A,100.0
Comune di Massafra,9b808835-eac7-46e5-af50-ab4e8c33fca4,I1,I,93.75
Comune di Massafra,9b808835-eac7-46e5-af50-ab4e8c33fca4,I2,I,29.16666603088379
Comune di Massafra,9b808835-eac7-46e5-af50-ab4e8c33fca4,I3,I,18.75
Comune di Massafra,9b808835-eac7-46e5-af50-ab4e8c33fca4,G_I,I,50.0
Comune di Massafra,9b808835-eac7-46e5-af50-ab4e8c33fca4,R1_1,R,25.0
Comune di Massafra,9b808835-eac7-46e5-af50-ab4e8c33fca4,R1_2,R,0.0
Comune di Massafra,9b808835-eac7-46e5-af50-ab4e8c33fca4,R1_3,R,39.7531
Comune di Massafra,9b808835-eac7-46e5-af50-ab4e8c33fca4,G_R,R,50.0
Comune di Massafra,9dab4399-7276-4d24-bb94-571f206b26fb,F1,F,0.0
Comune di Massafra,9dab4399-7276-4d24-bb94-571f206b26fb,F2,F,51.726016998291016
Comune di Massafra,9dab4399-7276-4d24-bb94-571f206b26fb,F3,F,100.0
Comune di Massafra,9dab4399-7276-4d24-bb94-571f206b26fb,F4,F,0.0
Comune di Massafra,9dab4399-7276-4d24-bb94-571f206b26fb,G_F,F,79.57315
Comune di Massafra,9dab4399-7276-4d24-bb94-571f206b26fb,A1,A,100.0
Comune di Massafra,9dab4399-7276-4d24-bb94-571f206b26fb,A1_1,A,100.0
Comune di Massafra,9dab4399-7276-4d24-bb94-571f206b26fb,A1_2,A,100.0
Comune di Massafra,9dab4399-7276-4d24-bb94-571f206b26fb,A2,A,100.0
Comune di Massafra,9dab4399-7276-4d24-bb94-571f206b26fb,G_A,A,100.0
Comune di Massafra,9dab4399-7276-4d24-bb94-571f206b26fb,I1,I,93.75
Comune di Massafra,9dab4399-7276-4d24-bb94-571f206b26fb,I2,I,29.16666603088379
Comune di Massafra,9dab4399-7276-4d24-bb94-571f206b26fb,I3,I,18.75
Comune di Massafra,9dab4399-7276-4d24-bb94-571f206b26fb,G_I,I,50.0
Comune di Massafra,9dab4399-7276-4d24-bb94-571f206b26fb,R1_1,R,25.0
Comune di Massafra,9dab4399-7276-4d24-bb94-571f206b26fb,R1_2,R,0.0
Comune di Massafra,9dab4399-7276-4d24-bb94-571f206b26fb,R1_3,R,39.7531
Comune di Massafra,9dab4399-7276-4d24-bb94-571f206b26fb,G_R,R,50.0
Comune di Massafra,ab6e6561-1b26-4c53-b2a7-9f861fdfc0ff,F1,F,0.0
Comune di Massafra,ab6e6561-1b26-4c53-b2a7-9f861fdfc0ff,F2,F,51.726016998291016
Comune di Massafra,ab6e6561-1b26-4c53-b2a7-9f861fdfc0ff,F3,F,100.0
Comune di Massafra,ab6e6561-1b26-4c53-b2a7-9f861fdfc0ff,F4,F,0.0
Comune di Massafra,ab6e6561-1b26-4c53-b2a7-9f861fdfc0ff,G_F,F,79.57315
Comune di Massafra,ab6e6561-1b26-4c53-b2a7-9f861fdfc0ff,A1,A,100.0
Comune di Massafra,ab6e6561-1b26-4c53-b2a7-9f861fdfc0ff,A1_1,A,100.0
Comune di Massafra,ab6e6561-1b26-4c53-b2a7-9f861fdfc0ff,A1_2,A,100.0
Comune di Massafra,ab6e6561-1b26-4c53-b2a7-9f861fdfc0ff,A2,A,100.0
Comune di Massafra,ab6e6561-1b26-4c53-b2a7-9f861fdfc0ff,G_A,A,100.0
Comune di Massafra,ab6e6561-1b26-4c53-b2a7-9f861fdfc0ff,I1,I,93.75
Comune di Massafra,ab6e6561-1b26-4c53-b2a7-9f861fdfc0ff,I2,I,29.16666603088379
Comune di Massafra,ab6e6561-1b26-4c53-b2a7-9f861fdfc0ff,I3,I,18.75
Comune di Massafra,ab6e6561-1b26-4c53-b2a7-9f861fdfc0ff,G_I,I,50.0
Comune di Massafra,ab6e6561-1b26-4c53-b2a7-9f861fdfc0ff,R1_1,R,25.0
Comune di Massafra,ab6e6561-1b26-4c53-b2a7-9f861fdfc0ff,R1_2,R,0.0
Comune di Massafra,ab6e6561-1b26-4c53-b2a7-9f861fdfc0ff,R1_3,R,39.7531
Comune di Massafra,ab6e6561-1b26-4c53-b2a7-9f861fdfc0ff,G_R,R,50.0
Comune di Massafra,b1e5322a-e297-4d5d-8e83-a4c599afcaf9,F1,F,0.0
Comune di Massafra,b1e5322a-e297-4d5d-8e83-a4c599afcaf9,F2,F,51.726016998291016
Comune di Massafra,b1e5322a-e297-4d5d-8e83-a4c599afcaf9,F3,F,100.0
Comune di Massafra,b1e5322a-e297-4d5d-8e83-a4c599afcaf9,F4,F,0.0
Comune di Massafra,b1e5322a-e297-4d5d-8e83-a4c599afcaf9,G_F,F,79.57315
Comune di Massafra,b1e5322a-e297-4d5d-8e83-a4c599afcaf9,A1,A,100.0
Comune di Massafra,b1e5322a-e297-4d5d-8e83-a4c599afcaf9,A1_1,A,100.0
Comune di Massafra,b1e5322a-e297-4d5d-8e83-a4c599afcaf9,A1_2,A,100.0
Comune di Massafra,b1e5322a-e297-4d5d-8e83-a4c599afcaf9,A2,A,100.0
Comune di Massafra,b1e5322a-e297-4d5d-8e83-a4c599afcaf9,G_A,A,100.0
Comune di Massafra,b1e5322a-e297-4d5d-8e83-a4c599afcaf9,I1,I,93.75
Comune di Massafra,b1e5322a-e297-4d5d-8e83-a4c599afcaf9,I2,I,29.16666603088379
Comune di Massafra,b1e5322a-e297-4d5d-8e83-a4c599afcaf9,I3,I,18.75
Comune di Massafra,b1e5322a-e297-4d5d-8e83-a4c599afcaf9,G_I,I,50.0
Comune di Massafra,b1e5322a-e297-4d5d-8e83-a4c599afcaf9,R1_1,R,25.0
Comune di Massafra,b1e5322a-e297-4d5d-8e83-a4c599afcaf9,R1_2,R,0.0
Comune di Massafra,b1e5322a-e297-4d5d-8e83-a4c599afcaf9,R1_3,R,39.7531
Comune di Massafra,b1e5322a-e297-4d5d-8e83-a4c599afcaf9,G_R,R,50.0
Comune di Massafra,d2a87416-fe38-44c4-a71f-0921d8e9eda1,F1,F,0.0
Comune di Massafra,d2a87416-fe38-44c4-a71f-0921d8e9eda1,F2,F,51.726016998291016
Comune di Massafra,d2a87416-fe38-44c4-a71f-0921d8e9eda1,F3,F,100.0
Comune di Massafra,d2a87416-fe38-44c4-a71f-0921d8e9eda1,F4,F,0.0
Comune di Massafra,d2a87416-fe38-44c4-a71f-0921d8e9eda1,G_F,F,79.57315
Comune di Massafra,d2a87416-fe38-44c4-a71f-0921d8e9eda1,A1,A,100.0
Comune di Massafra,d2a87416-fe38-44c4-a71f-0921d8e9eda1,A1_1,A,100.0
Comune di Massafra,d2a87416-fe38-44c4-a71f-0921d8e9eda1,A1_2,A,100.0
Comune di Massafra,d2a87416-fe38-44c4-a71f-0921d8e9eda1,A2,A,100.0
Comune di Massafra,d2a87416-fe38-44c4-a71f-0921d8e9eda1,G_A,A,100.0
Comune di Massafra,d2a87416-fe38-44c4-a71f-0921d8e9eda1,I1,I,93.75
Comune di Massafra,d2a87416-fe38-44c4-a71f-0921d8e9eda1,I2,I,29.16666603088379
Comune di Massafra,d2a87416-fe38-44c4-a71f-0921d8e9eda1,I3,I,18.75
Comune di Massafra,d2a87416-fe38-44c4-a71f-0921d8e9eda1,G_I,I,50.0
Comune di Massafra,d2a87416-fe38-44c4-a71f-0921d8e9eda1,R1_1,R,25.0
Comune di Massafra,d2a87416-fe38-44c4-a71f-0921d8e9eda1,R1_2,R,0.0
Comune di Massafra,d2a87416-fe38-44c4-a71f-0921d8e9eda1,R1_3,R,39.7531
Comune di Massafra,d2a87416-fe38-44c4-a71f-0921d8e9eda1,G_R,R,50.0
Comune di Massafra,e6bfb7c1-03ad-4326-ba8d-00767dfbb50d,F1,F,0.0
Comune di Massafra,e6bfb7c1-03ad-4326-ba8d-00767dfbb50d,F2,F,51.726016998291016
Comune di Massafra,e6bfb7c1-03ad-4326-ba8d-00767dfbb50d,F3,F,100.0
Comune di Massafra,e6bfb7c1-03ad-4326-ba8d-00767dfbb50d,F4,F,0.0
Comune di Massafra,e6bfb7c1-03ad-4326-ba8d-00767dfbb50d,G_F,F,79.57315
Comune di Massafra,e6bfb7c1-03ad-4326-ba8d-00767dfbb50d,A1,A,100.0
Comune di Massafra,e6bfb7c1-03ad-4326-ba8d-00767dfbb50d,A1_1,A,100.0
Comune di Massafra,e6bfb7c1-03ad-4326-ba8d-00767dfbb50d,A1_2,A,100.0
Comune di Massafra,e6bfb7c1-03ad-4326-ba8d-00767dfbb50d,A2,A,100.0
Comune di Massafra,e6bfb7c1-03ad-4326-ba8d-00767dfbb50d,G_A,A,100.0
Comune di Massafra,e6bfb7c1-03ad-4326-ba8d-00767dfbb50d,I1,I,93.75
Comune di Massafra,e6bfb7c1-03ad-4326-ba8d-00767dfbb50d,I2,I,29.16666603088379
Comune di Massafra,e6bfb7c1-03ad-4326-ba8d-00767dfbb50d,I3,I,18.75
Comune di Massafra,e6bfb7c1-03ad-4326-ba8d-00767dfbb50d,G_I,I,50.0
Comune di Massafra,e6bfb7c1-03ad-4326-ba8d-00767dfbb50d,R1_1,R,25.0
Comune di Massafra,e6bfb7c1-03ad-4326-ba8d-00767dfbb50d,R1_2,R,0.0
Comune di Massafra,e6bfb7c1-03ad-4326-ba8d-00767dfbb50d,R1_3,R,39.7531
Comune di Massafra,e6bfb7c1-03ad-4326-ba8d-00767dfbb50d,G_R,R,50.0
